{
    "ASSETS": {
        "Current Assets": {
            "Cash and cash equivalents": [
                30489,
                6911
            ],
            "Marketable securities": [
                2053,
                1973
            ],
            "Receivables": [
                5510,
                5965
            ],
            "Inventories": [
                1192,
                1195
            ],
            "Prepaid expenses and other": [
                947,
                1116
            ],
            "Total Current Assets": [
                40191,
                17160
            ]
        },
        "Property, plant and equipment": [
            4830,
            5027
        ],
        "Goodwill": [
            6513,
            6538
        ],
        "Other intangible assets": [
            1002,
            1091
        ],
        "Deferred income taxes": [
            1624,
            1371
        ],
        "Marketable securities": [
            925,
            1775
        ],
        "Other assets": [
            2348,
            2024
        ],
        "Total Assets": [
            57433,
            34986
        ]
    },
    "LIABILITIES": {
        "Current Liabilities": {
            "Short-term debt obligations": [
                569,
                1703
            ],
            "Accounts payable": [
                1888,
                1892
            ],
            "Accrued and other current liabilities": [
                8032,
                7059
            ],
            "Total Current Liabilities": [
                10489,
                10654
            ]
        },
        "Income taxes payable": [
            2919,
            3043
        ],
        "Other non-current liabilities": [
            1881,
            1516
        ],
        "Long-term debt": [
            24390,
            5646
        ],
        "Total Liabilities": [
            39679,
            20859
        ],
        "Commitments and contingencies": null
    },
    "EQUITY": {
        "Bristol-Myers Squibb Company Shareholders  Equity": {
            "Preferred stock": [
                0,
                0
            ],
            "Common stock": [
                221,
                221
            ],
            "Capital in excess of par value of stock": [
                2206,
                2081
            ],
            "Accumulated other comprehensive loss": [
                -1463,
                -2762
            ],
            "Retained earnings": [
                36555,
                34065
            ],
            "Less cost of treasury stock": [
                -19871,
                -19574
            ],
            "Total Bristol-Myers Squibb Company Shareholders  Equity": [
                17648,
                14031
            ]
        },
        "Noncontrolling interest": [
            106,
            96
        ],
        "Total Equity": [
            17754,
            14127
        ]
    },
    "Total Liabilities and Equity": [
        57433,
        34986
    ]
}