{
    "ASSETS": {
        "Current assets": {
            "Cash and cash equivalents": [
                34940,
                38016
            ],
            "Marketable securities": [
                27699,
                52927
            ],
            "Accounts receivable, net": [
                26278,
                16120
            ],
            "Inventories": [
                6580,
                4061
            ],
            "Vendor non-trade receivables": [
                25228,
                21325
            ],
            "Other current assets": [
                14111,
                11264
            ],
            "Total current assets": [
                134836,
                143713
            ]
        },
        "Non-current assets": {
            "Marketable securities": [
                127877,
                100887
            ],
            "Property, plant and equipment, net": [
                39440,
                36766
            ],
            "Other non-current assets": [
                48849,
                42522
            ],
            "Total non-current assets": [
                216166,
                180175
            ]
        },
        "Total assets": [
            351002,
            323888
        ]
    },
    "LIABILITIES AND SHAREHOLDERS EQUITY": {
        "Current liabilities": {
            "Accounts payable": [
                54763,
                42296
            ],
            "Other current liabilities": [
                47493,
                42684
            ],
            "Deferred revenue": [
                7612,
                6643
            ],
            "Commercial paper": [
                6000,
                4996
            ],
            "Term debt": [
                9613,
                8773
            ],
            "Total current liabilities": [
                125481,
                105392
            ]
        },
        "Non-current liabilities": {
            "Term debt": [
                109106,
                98667
            ],
            "Other non-current liabilities": [
                53325,
                54490
            ],
            "Total non-current liabilities": [
                162431,
                153157
            ]
        },
        "Total liabilities": [
            287912,
            258549
        ],
        "Commitments and contingencies": null,
        "Shareholders equity": {
            "Common stock and additional paid-in capital, $ 0.00001 par value: 50,400,000 shares authorized; 16,426,786 and 16,976,763 shares issued and outstanding, respectively": [
                57365,
                50779
            ],
            "Retained earnings": [
                5562,
                14966
            ],
            "Accumulated other comprehensive income/(loss)": [
                163,
                -406
            ],
            "Total shareholders equity": [
                63090,
                65339
            ]
        },
        "Total liabilities and shareholders equity": [
            351002,
            323888
        ]
    }
}