{
    "ASSETS": {
        "Current assets": {
            "Cash and cash equivalents": [
                11018,
                10800
            ],
            "Premium and trade receivables": [
                11202,
                9696
            ],
            "Short-term investments": [
                1566,
                1580
            ],
            "Other current assets": [
                1678,
                1317
            ],
            "Total current assets": [
                25464,
                23393
            ]
        },
        "Long-term investments": [
            13472,
            12853
        ],
        "Restricted deposits": [
            1112,
            1060
        ],
        "Property, software and equipment, net": [
            2912,
            2774
        ],
        "Goodwill": [
            18805,
            18652
        ],
        "Intangible assets, net": [
            8069,
            8388
        ],
        "Other long-term assets": [
            1705,
            1599
        ],
        "Total assets": [
            71539,
            68719
        ]
    },
    "LIABILITIES, REDEEMABLE NONCONTROLLING INTERESTS AND STOCKHOLDERS EQUITY": {
        "Current liabilities": {
            "Medical claims liability": [
                12763,
                12438
            ],
            "Accounts payable and accrued expenses": [
                8053,
                7069
            ],
            "Return of premium payable": [
                2127,
                1458
            ],
            "Unearned revenue": [
                446,
                523
            ],
            "Current portion of long-term debt": [
                253,
                97
            ],
            "Total current liabilities": [
                23642,
                21585
            ]
        },
        "Long-term debt": [
            16536,
            16682
        ],
        "Deferred tax liability": [
            1438,
            1534
        ],
        "Other long-term liabilities": [
            3795,
            2956
        ],
        "Total liabilities": [
            45411,
            42757
        ],
        "Commitments and contingencies": null,
        "Redeemable noncontrolling interests": [
            83,
            77
        ],
        "Stockholders equity": {
            "Preferred stock, $ 0.001 par value; authorized 10,000 shares; no shares issued or outstanding at June 30, 2021 and December 31, 2020": [
                0,
                0
            ],
            "Common stock, $ 0.001 par value; authorized 800,000 shares; 599,988 issued and 583,002 outstanding at June 30, 2021, and 598,249 issued and 581,479 outstanding at December 31, 2020": [
                1,
                1
            ],
            "Additional paid-in capital": [
                19545,
                19459
            ],
            "Accumulated other comprehensive earnings": [
                239,
                337
            ],
            "Retained earnings": [
                6956,
                6792
            ],
            "Treasury stock, at cost ( 16,986 and 16,770 shares, respectively)": [
                -830,
                -816
            ],
            "Total Centene stockholders equity": [
                25911,
                25773
            ],
            "Nonredeemable noncontrolling interest": [
                134,
                112
            ],
            "Total stockholders equity": [
                26045,
                25885
            ]
        },
        "Total liabilities, redeemable noncontrolling interests and stockholders equity": [
            71539,
            68719
        ]
    }
}