{
    "ASSETS": {
        "Current assets": {
            "Cash and cash equivalents": [
                10800,
                12123
            ],
            "Premium and trade receivables": [
                9696,
                6247
            ],
            "Short-term investments": [
                1580,
                863
            ],
            "Other current assets": [
                1317,
                1090
            ],
            "Total current assets": [
                23393,
                20323
            ]
        },
        "Long-term investments": [
            12853,
            7717
        ],
        "Restricted deposits": [
            1060,
            658
        ],
        "Property, software and equipment, net": [
            2774,
            2121
        ],
        "Goodwill": [
            18652,
            6863
        ],
        "Intangible assets, net": [
            8388,
            2063
        ],
        "Other long-term assets": [
            1599,
            1249
        ],
        "Total assets": [
            68719,
            40994
        ]
    },
    "LIABILITIES, REDEEMABLE NONCONTROLLING INTERESTS AND STOCKHOLDERS' EQUITY": {
        "Current liabilities": {
            "Medical claims liability": [
                12438,
                7473
            ],
            "Accounts payable and accrued expenses": [
                7069,
                4164
            ],
            "Return of premium payable": [
                1458,
                824
            ],
            "Unearned revenue": [
                523,
                383
            ],
            "Current portion of long-term debt": [
                97,
                88
            ],
            "Total current liabilities": [
                21585,
                12932
            ]
        },
        "Long-term debt": [
            16682,
            13638
        ],
        "Deferred tax liability": [
            1534,
            189
        ],
        "Other long-term liabilities": [
            2956,
            1543
        ],
        "Total liabilities": [
            42757,
            28302
        ],
        "Commitments and contingencies": null,
        "Redeemable noncontrolling interests": [
            77,
            33
        ],
        "Stockholders' equity": {
            "Preferred stock, $ 0.001 par value; authorized 10,000 shares; no shares issued or outstanding at December 31, 2020 and December 31, 2019": [
                0,
                0
            ],
            "Common stock, $ 0.001 par value; authorized 800,000 shares; 598,249 issued and 581,479 outstanding at December 31, 2020, and 421,508 issued and 415,048 outstanding at December 31, 2019": [
                1,
                0
            ],
            "Additional paid-in capital": [
                19459,
                7647
            ],
            "Accumulated other comprehensive earnings": [
                337,
                134
            ],
            "Retained earnings": [
                6792,
                4984
            ],
            "Treasury stock, at cost ( 16,770 and 6,460 shares, respectively)": [
                -816,
                -214
            ],
            "Total Centene stockholders' equity": [
                25773,
                12551
            ],
            "Noncontrolling interest": [
                112,
                108
            ],
            "Total stockholders' equity": [
                25885,
                12659
            ]
        },
        "Total liabilities, redeemable noncontrolling interests and stockholders' equity": [
            68719,
            40994
        ]
    }
}