{
    "ASSETS": {
        "Current assets": {
            "Cash and cash equivalents": [
                12198,
                12123
            ],
            "Premium and trade receivables": [
                11670,
                6247
            ],
            "Short-term investments": [
                1497,
                863
            ],
            "Other current assets": [
                1910,
                1090
            ],
            "Total current assets": [
                27275,
                20323
            ]
        },
        "Long-term investments": [
            9859,
            7717
        ],
        "Restricted deposits": [
            1055,
            658
        ],
        "Property, software and equipment, net": [
            2669,
            2121
        ],
        "Goodwill": [
            17964,
            6863
        ],
        "Intangible assets, net": [
            8130,
            2063
        ],
        "Other long-term assets": [
            1412,
            1249
        ],
        "Total assets": [
            68364,
            40994
        ]
    },
    "LIABILITIES, REDEEMABLE NONCONTROLLING INTERESTS AND STOCKHOLDERS EQUITY": {
        "Current liabilities": {
            "Medical claims liability": [
                12899,
                7473
            ],
            "Accounts payable and accrued expenses": [
                7102,
                4164
            ],
            "Return of premium payable": [
                1123,
                824
            ],
            "Unearned revenue": [
                582,
                383
            ],
            "Current portion of long-term debt": [
                89,
                88
            ],
            "Total current liabilities": [
                21795,
                12932
            ]
        },
        "Long-term debt": [
            16737,
            13638
        ],
        "Other long-term liabilities": [
            3953,
            1732
        ],
        "Total liabilities": [
            42485,
            28302
        ],
        "Commitments and contingencies": null,
        "Redeemable noncontrolling interests": [
            36,
            33
        ],
        "Stockholders equity": {
            "Preferred stock, $ 0.001 par value; authorized 10,000 shares; no shares issued or outstanding at September 30, 2020 and December 31, 2019": [
                0,
                0
            ],
            "Common stock, $ 0.001 par value; authorized 800,000 shares; 595,622 issued and 579,726 outstanding at September 30, 2020, and 421,508 issued and 415,048 outstanding at December 31, 2019": [
                0,
                0
            ],
            "Additional paid-in capital": [
                19390,
                7647
            ],
            "Accumulated other comprehensive earnings": [
                293,
                134
            ],
            "Retained earnings": [
                6804,
                4984
            ],
            "Treasury stock, at cost ( 15,896 and 6,460 shares, respectively)": [
                -762,
                -214
            ],
            "Total Centene stockholders equity": [
                25725,
                12551
            ],
            "Nonredeemable Noncontrolling interest": [
                118,
                108
            ],
            "Total stockholders equity": [
                25843,
                12659
            ]
        },
        "Total liabilities, redeemable noncontrolling interests and stockholders equity": [
            68364,
            40994
        ]
    }
}