{
    "Assets": {
        "Cash and cash equivalents": [
            8830,
            6458
        ],
        "Short-term investments": [
            616,
            2785
        ],
        "Accounts and notes receivable (net of allowance of $ 3 and $ 2 , respectively)": [
            5658,
            7075
        ],
        "Accounts and notes receivable related parties": [
            13,
            13
        ],
        "Inventories": [
            1326,
            1219
        ],
        "Prepaid expenses and other current assets": [
            738,
            1199
        ],
        "Total Current Assets": [
            17181,
            18749
        ],
        "Investments and long-term receivables": [
            8731,
            8225
        ],
        "Net properties, plants and equipment (net of accumulated DD&A of $ 71,630 and $ 66,630 , respectively)": [
            65561,
            64866
        ],
        "Other assets": [
            2178,
            1989
        ],
        "Total Assets": [
            93651,
            93829
        ]
    },
    "Liabilities": {
        "Accounts payable": [
            5119,
            6113
        ],
        "Accounts payable related parties": [
            24,
            50
        ],
        "Short-term debt": [
            881,
            417
        ],
        "Accrued income and other taxes": [
            1919,
            3193
        ],
        "Employee benefit obligations": [
            956,
            1074
        ],
        "Other accruals": [
            1704,
            2346
        ],
        "Total Current Liabilities": [
            10338,
            12847
        ],
        "Long-term debt": [
            18182,
            16226
        ],
        "Asset retirement obligations and accrued environmental costs": [
            6425,
            6401
        ],
        "Deferred income taxes": [
            8325,
            7726
        ],
        "Other liabilities and deferred credits": [
            1680,
            1552
        ],
        "Total Liabilities": [
            45906,
            45826
        ]
    },
    "Equity": {
        "Common stock ( 2,500,000,000 shares authorized at $ 0.01 par value)": {
            "Issued (2023  2,103,596,767 shares; 2022  2,100,885,134 shares)": {
                "Par value": [
                    21,
                    21
                ],
                "Capital in excess of par": [
                    61262,
                    61142
                ],
                "Treasury stock (at cost: 2023  916,188,825 shares; 2022  877,029,062 shares)": [
                    -64529,
                    -60189
                ],
                "Accumulated other comprehensive loss": [
                    -5961,
                    -6000
                ],
                "Retained earnings": [
                    56952,
                    53029
                ]
            }
        },
        "Total Equity": [
            47745,
            48003
        ]
    },
    "Total Liabilities and Equity": [
        93651,
        93829
    ]
}