{
    "Assets": {
        "Cash and cash equivalents": [
            5735,
            6458
        ],
        "Short-term investments": [
            1080,
            2785
        ],
        "Accounts and notes receivable (net of allowance of $ 3 and $ 2 , respectively)": [
            4517,
            7075
        ],
        "Accounts and notes receivable related parties": [
            14,
            13
        ],
        "Inventories": [
            1236,
            1219
        ],
        "Prepaid expenses and other current assets": [
            919,
            1199
        ],
        "Total Current Assets": [
            13501,
            18749
        ],
        "Investments and long-term receivables": [
            8618,
            8225
        ],
        "Net properties, plants and equipment (net of accumulated DD&A of $ 69,529 and $ 66,630 , respectively)": [
            65452,
            64866
        ],
        "Other assets": [
            2034,
            1989
        ],
        "Total Assets": [
            89605,
            93829
        ]
    },
    "Liabilities": {
        "Accounts payable": [
            4597,
            6113
        ],
        "Accounts payable related parties": [
            29,
            50
        ],
        "Short-term debt": [
            879,
            417
        ],
        "Accrued income and other taxes": [
            1692,
            3193
        ],
        "Employee benefit obligations": [
            981,
            1074
        ],
        "Other accruals": [
            1799,
            2346
        ],
        "Total Current Liabilities": [
            9548,
            12847
        ],
        "Long-term debt": [
            15565,
            16226
        ],
        "Asset retirement obligations and accrued environmental costs": [
            6357,
            6401
        ],
        "Deferred income taxes": [
            8038,
            7726
        ],
        "Other liabilities and deferred credits": [
            1585,
            1552
        ],
        "Total Liabilities": [
            42074,
            45826
        ]
    },
    "Equity": {
        "Common stock ( 2,500,000,000 shares authorized at $ 0.01 par value) Issued (2023  2,102,624,236 shares; 2022  2,100,885,134 shares)": [
            21,
            21
        ],
        "Capital in excess of par": [
            61169,
            61142
        ],
        "Treasury stock (at cost: 2023  905,133,563 shares; 2022  877,029,062 shares)": [
            -63217,
            -60189
        ],
        "Accumulated other comprehensive loss": [
            -5925,
            -6000
        ],
        "Retained earnings": [
            55483,
            53029
        ],
        "Total Equity": [
            47531,
            48003
        ]
    },
    "Total Liabilities and Equity": [
        89605,
        93829
    ]
}