{
    "Assets": {
        "Cash and cash equivalents": [
            5028,
            2991
        ],
        "Short-term investments": [
            446,
            3609
        ],
        "Accounts and notes receivable (net of allowance of $ 2 and $ 4 , respectively)": [
            6543,
            2634
        ],
        "Accounts and notes receivable related parties": [
            127,
            120
        ],
        "Investment in Cenovus Energy": [
            1117,
            1256
        ],
        "Inventories": [
            1208,
            1002
        ],
        "Prepaid expenses and other current assets": [
            1581,
            454
        ],
        "Total Current Assets": [
            16050,
            12066
        ],
        "Investments and long-term receivables": [
            7113,
            8017
        ],
        "Loans and advances related parties": [
            0,
            114
        ],
        "Net properties, plants and equipment (net of accumulated DD&A of $ 64735 and $ 62213 , respectively)": [
            64911,
            39893
        ],
        "Other assets": [
            2587,
            2528
        ],
        "Total Assets": [
            90661,
            62618
        ]
    },
    "Liabilities": {
        "Accounts payable": [
            5002,
            2669
        ],
        "Accounts payable related parties": [
            23,
            29
        ],
        "Short-term debt": [
            1200,
            619
        ],
        "Accrued income and other taxes": [
            2862,
            320
        ],
        "Employee benefit obligations": [
            1153,
            1697
        ],
        "Other accruals": [
            2179,
            1121
        ],
        "Total Current Liabilities": [
            12021,
            5366
        ],
        "Long-term debt": [
            18734,
            14750
        ],
        "Asset retirement obligations and accrued environmental costs": [
            5754,
            5430
        ],
        "Deferred income taxes": [
            6179,
            3747
        ],
        "Other liabilities and deferred credits": [
            1414,
            1779
        ],
        "Total Liabilities": [
            45255,
            32769
        ]
    },
    "Equity": {
        "Common stock ( 2,500,000,000 shares authorized at $ 0.01 par value) Issued (2021  2,091,562,747 shares; 2020  1,798,844,267 shares) Par value": [
            21,
            18
        ],
        "Capital in excess of par": [
            60581,
            47133
        ],
        "Treasury stock (at cost: 2021  789,319,875 shares; 2020  730,802,089 shares)": [
            -50920,
            -47297
        ],
        "Accumulated other comprehensive loss": [
            -4950,
            -5218
        ],
        "Retained earnings": [
            40674,
            35213
        ],
        "Total Equity": [
            45406,
            29849
        ]
    },
    "Total Liabilities and Equity": [
        90661,
        62618
    ]
}