{
    "Assets": {
        "Cash and cash equivalents": [
            6608,
            2991
        ],
        "Short-term investments": [
            2251,
            3609
        ],
        "Accounts and notes receivable (net of allowance of $ 2 and $ 4 , respectively)": [
            4401,
            2634
        ],
        "Accounts and notes receivable related parties": [
            123,
            120
        ],
        "Investment in Cenovus Energy": [
            1802,
            1256
        ],
        "Inventories": [
            1138,
            1002
        ],
        "Prepaid expenses and other current assets": [
            849,
            454
        ],
        "Total Current Assets": [
            17172,
            12066
        ],
        "Investments and long-term receivables": [
            8013,
            8017
        ],
        "Loans and advances related parties": [
            59,
            114
        ],
        "Net properties, plants and equipment (net of accumulated DD&A of $ 65,572 and $ 62,213 , respectively)": [
            57717,
            39893
        ],
        "Other assets": [
            2442,
            2528
        ],
        "Total Assets": [
            85403,
            62618
        ]
    },
    "Liabilities": {
        "Accounts payable": [
            3591,
            2669
        ],
        "Accounts payable related parties": [
            22,
            29
        ],
        "Short-term debt": [
            1205,
            619
        ],
        "Accrued income and other taxes": [
            1406,
            320
        ],
        "Employee benefit obligations": [
            1297,
            1697
        ],
        "Other accruals": [
            1355,
            1121
        ],
        "Total Current Liabilities": [
            8150,
            5366
        ],
        "Long-term debt": [
            18805,
            14750
        ],
        "Asset retirement obligations and accrued environmental costs": [
            5819,
            5430
        ],
        "Deferred income taxes": [
            5331,
            3747
        ],
        "Other liabilities and deferred credits": [
            1725,
            1779
        ],
        "Total Liabilities": [
            41127,
            32769
        ]
    },
    "Equity": {
        "Common stock ( 2,500,000,000 shares authorized at $ 0.01 par value)": {
            "Issued (2021  2,087,542,804 shares; 2020  1,798,844,267 shares)": {
                "Par value": [
                    21,
                    18
                ],
                "Capital in excess of par": [
                    60337,
                    47133
                ],
                "Treasury stock (at cost: 2021  748,460,721 shares; 2020  730,802,089 shares)": [
                    -48278,
                    -47297
                ],
                "Accumulated other comprehensive loss": [
                    -4920,
                    -5218
                ],
                "Retained earnings": [
                    37116,
                    35213
                ]
            }
        },
        "Total Equity": [
            44276,
            29849
        ],
        "Total Liabilities and Equity": [
            85403,
            62618
        ]
    }
}