{
    "Assets": {
        "Cash and cash equivalents": [
            2831,
            2991
        ],
        "Short-term investments": [
            4104,
            3609
        ],
        "Accounts and notes receivable (net of allowance of $ 3 and $ 4 , respectively)": [
            4339,
            2634
        ],
        "Accounts and notes receivable related parties": [
            142,
            120
        ],
        "Investment in Cenovus Energy": [
            1564,
            1256
        ],
        "Inventories": [
            1098,
            1002
        ],
        "Prepaid expenses and other current assets": [
            536,
            454
        ],
        "Total Current Assets": [
            14614,
            12066
        ],
        "Investments and long-term receivables": [
            8286,
            8017
        ],
        "Loans and advances related parties": [
            59,
            114
        ],
        "Net properties, plants and equipment (net of accumulated DD&A of $ 64,082 and $ 62,213 , respectively)": [
            58270,
            39893
        ],
        "Other assets": [
            2464,
            2528
        ],
        "Total Assets": [
            83693,
            62618
        ]
    },
    "Liabilities": {
        "Accounts payable": [
            3779,
            2669
        ],
        "Accounts payable related parties": [
            22,
            29
        ],
        "Short-term debt": [
            689,
            619
        ],
        "Accrued income and other taxes": [
            959,
            320
        ],
        "Employee benefit obligations": [
            1530,
            1697
        ],
        "Other accruals": [
            1168,
            1121
        ],
        "Total Current Liabilities": [
            7184,
            5366
        ],
        "Long-term debt": [
            19338,
            14750
        ],
        "Asset retirement obligations and accrued environmental costs": [
            5782,
            5430
        ],
        "Deferred income taxes": [
            4982,
            3747
        ],
        "Other liabilities and deferred credits": [
            1722,
            1779
        ],
        "Total Liabilities": [
            40538,
            32769
        ]
    },
    "Equity": {
        "Common stock ( 2,500,000,000 shares authorized at $ .01 par value) Issued (2021  2,087,207,067 shares; 2020  1,798,844,267 shares)": [
            21,
            18
        ],
        "Capital in excess of par": [
            60278,
            47133
        ],
        "Treasury stock (at cost: 2021  737,788,613 shares; 2020  730,802,089 shares)": [
            -47672,
            -47297
        ],
        "Accumulated other comprehensive loss": [
            -5080,
            -5218
        ],
        "Retained earnings": [
            35608,
            35213
        ],
        "Total Equity": [
            43155,
            29849
        ]
    },
    "Total Liabilities and Equity": [
        83693,
        62618
    ]
}