{
    "Assets": {
        "Current assets": {
            "Cash and cash equivalents": [
                4936,
                5412
            ],
            "Short-term marketable debt securities": [
                936,
                973
            ],
            "Accounts receivable, net": [
                4162,
                4777
            ],
            "Inventories": [
                1576,
                1507
            ],
            "Prepaid and other current assets": [
                1846,
                1774
            ],
            "Total current assets": [
                13456,
                14443
            ]
        },
        "Property, plant and equipment, net": [
            5479,
            5475
        ],
        "Long-term marketable debt securities": [
            1327,
            1245
        ],
        "Intangible assets, net": [
            28348,
            28894
        ],
        "Goodwill": [
            8314,
            8314
        ],
        "Other long-term assets": [
            4952,
            4800
        ],
        "Total assets": [
            61876,
            63171
        ]
    },
    "Liabilities and Stockholders Equity": {
        "Current liabilities": {
            "Accounts payable": [
                627,
                905
            ],
            "Accrued rebates": [
                3477,
                3479
            ],
            "Other current liabilities": [
                4140,
                4580
            ],
            "Current portion of long-term debt and other obligations, net": [
                2283,
                2273
            ],
            "Total current liabilities": [
                10528,
                11237
            ]
        },
        "Long-term debt, net": [
            22956,
            22957
        ],
        "Long-term income taxes payable": [
            3775,
            3916
        ],
        "Deferred tax liability": [
            2401,
            2673
        ],
        "Other long-term obligations": [
            1277,
            1179
        ],
        "Commitments and contingencies (Note 10)": null,
        "Stockholders equity": {
            "Preferred stock, par value $ 0.001 per share; 5 shares authorized; none outstanding": [
                0,
                0
            ],
            "Common stock, par value $ 0.001 per share; 5,600 shares authorized; 1,248 and 1,247 shares issued and outstanding, respectively": [
                1,
                1
            ],
            "Additional paid-in capital": [
                5793,
                5550
            ],
            "Accumulated other comprehensive income (loss)": [
                -20,
                2
            ],
            "Retained earnings": [
                15223,
                15687
            ],
            "Total Gilead stockholders equity": [
                20997,
                21240
            ],
            "Noncontrolling interest": [
                -58,
                -31
            ],
            "Total stockholders equity": [
                20939,
                21209
            ]
        },
        "Total liabilities and stockholders equity": [
            61876,
            63171
        ]
    }
}