{
    "Assets": {
        "Current assets": {
            "Cash and cash equivalents": [
                5412,
                5338
            ],
            "Short-term marketable debt securities": [
                973,
                1182
            ],
            "Accounts receivable, net": [
                4777,
                4493
            ],
            "Inventories": [
                1507,
                1618
            ],
            "Prepaid and other current assets": [
                1774,
                2141
            ],
            "Total current assets": [
                14443,
                14772
            ]
        },
        "Property, plant and equipment, net": [
            5475,
            5121
        ],
        "Long-term marketable debt securities": [
            1245,
            1309
        ],
        "Intangible assets, net": [
            28894,
            33455
        ],
        "Goodwill": [
            8314,
            8332
        ],
        "Other long-term assets": [
            4800,
            4963
        ],
        "Total assets": [
            63171,
            67952
        ]
    },
    "Liabilities and Stockholders Equity": {
        "Current liabilities": {
            "Accounts payable": [
                905,
                705
            ],
            "Accrued rebates": [
                3479,
                3244
            ],
            "Other current liabilities": [
                4580,
                6145
            ],
            "Current portion of long-term debt and other obligations, net": [
                2273,
                1516
            ],
            "Total current liabilities": [
                11237,
                11610
            ]
        },
        "Long-term debt, net": [
            22957,
            25179
        ],
        "Long-term income taxes payable": [
            3916,
            4767
        ],
        "Deferred tax liability": [
            2673,
            4356
        ],
        "Other long-term obligations": [
            1179,
            976
        ],
        "Commitments and contingencies (Note 13)": null,
        "Stockholders equity": {
            "Preferred stock, par value $ 0.001 per share; 5 shares authorized; no ne outstanding": [
                0,
                0
            ],
            "Common stock, par value $ 0.001 per share; 5,600 authorized; 1,247 and 1,254 shares issued and outstanding, respectively": [
                1,
                1
            ],
            "Additional paid-in capital": [
                5550,
                4661
            ],
            "Accumulated other comprehensive income": [
                2,
                83
            ],
            "Retained earnings": [
                15687,
                16324
            ],
            "Total Gilead stockholders equity": [
                21240,
                21069
            ],
            "Noncontrolling interest": [
                -31,
                -5
            ],
            "Total stockholders equity": [
                21209,
                21064
            ]
        },
        "Total liabilities and stockholders equity": [
            63171,
            67952
        ]
    }
}