{
    "Assets": {
        "Current assets": {
            "Cash and cash equivalents": [
                4739,
                5338
            ],
            "Short-term marketable debt securities": [
                924,
                1182
            ],
            "Accounts receivable, net": [
                4118,
                4493
            ],
            "Inventories": [
                1494,
                1618
            ],
            "Prepaid and other current assets": [
                1900,
                2141
            ],
            "Total current assets": [
                13175,
                14772
            ]
        },
        "Property, plant and equipment, net": [
            5299,
            5121
        ],
        "Long-term marketable debt securities": [
            1337,
            1309
        ],
        "Intangible assets, net": [
            29885,
            33455
        ],
        "Goodwill": [
            8314,
            8332
        ],
        "Other long-term assets": [
            4860,
            4963
        ],
        "Total assets": [
            62870,
            67952
        ]
    },
    "Liabilities and Stockholders Equity": {
        "Current liabilities": {
            "Accounts payable": [
                565,
                705
            ],
            "Accrued government and other rebates": [
                3519,
                3244
            ],
            "Accrued and other current liabilities": [
                4115,
                6145
            ],
            "Current portion of long-term debt and other obligations, net": [
                1021,
                1516
            ],
            "Total current liabilities": [
                9220,
                11610
            ]
        },
        "Long-term debt, net": [
            25195,
            25179
        ],
        "Long-term income taxes payable": [
            3888,
            4767
        ],
        "Deferred tax liability": [
            3364,
            4356
        ],
        "Other long-term obligations": [
            988,
            976
        ],
        "Commitments and contingencies (Note 10)": null,
        "Stockholders equity": {
            "Preferred stock, par value $ 0.001 per share; 5 shares authorized; no ne outstanding": [
                0,
                0
            ],
            "Common stock, par value $ 0.001 per share; 5,600 shares authorized; 1,254 shares issued and outstanding": [
                1,
                1
            ],
            "Additional paid-in capital": [
                5031,
                4661
            ],
            "Accumulated other comprehensive income": [
                87,
                83
            ],
            "Retained earnings": [
                15117,
                16324
            ],
            "Total Gilead stockholders equity": [
                20236,
                21069
            ],
            "Noncontrolling interest": [
                -21,
                -5
            ],
            "Total stockholders equity": [
                20215,
                21064
            ]
        },
        "Total liabilities and stockholders equity": [
            62870,
            67952
        ]
    }
}