{
    "Assets": {
        "Current assets": {
            "Cash and cash equivalents": [
                4296,
                5338
            ],
            "Short-term marketable debt securities": [
                1029,
                1182
            ],
            "Accounts receivable, net": [
                3787,
                4493
            ],
            "Inventories": [
                1482,
                1618
            ],
            "Prepaid and other current assets": [
                2035,
                2141
            ],
            "Total current assets": [
                12629,
                14772
            ]
        },
        "Property, plant and equipment, net": [
            5253,
            5121
        ],
        "Long-term marketable debt securities": [
            1427,
            1309
        ],
        "Intangible assets, net": [
            30331,
            33455
        ],
        "Goodwill": [
            8314,
            8332
        ],
        "Other long-term assets": [
            5126,
            4963
        ],
        "Total assets": [
            63080,
            67952
        ]
    },
    "Liabilities and Stockholders Equity": {
        "Current liabilities": {
            "Accounts payable": [
                583,
                705
            ],
            "Accrued government and other rebates": [
                3450,
                3244
            ],
            "Accrued and other current liabilities": [
                3500,
                6145
            ],
            "Current portion of long-term debt and other obligations, net": [
                1025,
                1516
            ],
            "Total current liabilities": [
                8558,
                11610
            ]
        },
        "Long-term debt, net": [
            25183,
            25179
        ],
        "Long-term income taxes payable": [
            4793,
            4767
        ],
        "Deferred tax liability": [
            3687,
            4356
        ],
        "Other long-term obligations": [
            944,
            976
        ],
        "Commitments and contingencies (Note 10)": null,
        "Stockholders equity": {
            "Preferred stock, par value $ 0.001 per share; 5 shares authorized; no outstanding": [
                0,
                0
            ],
            "Common stock, par value $ 0.001 per share; 5,600 shares authorized; 1,255 and 1,254 shares issued and outstanding, respectively": [
                1,
                1
            ],
            "Additional paid-in capital": [
                4867,
                4661
            ],
            "Accumulated other comprehensive income": [
                73,
                83
            ],
            "Retained earnings": [
                14986,
                16324
            ],
            "Total Gilead stockholders equity": [
                19927,
                21069
            ],
            "Noncontrolling interest": [
                -12,
                -5
            ],
            "Total stockholders equity": [
                19915,
                21064
            ]
        },
        "Total liabilities and stockholders equity": [
            63080,
            67952
        ]
    }
}