{
    "Assets": {
        "Current assets": {
            "Cash and cash equivalents": [
                6746,
                11631
            ],
            "Short-term marketable securities": [
                12168,
                12721
            ],
            "Accounts receivable, net of allowances of $ 698 and $ 758 , respectively": [
                3194,
                3582
            ],
            "Inventories": [
                1052,
                922
            ],
            "Prepaid and other current assets": [
                1483,
                1440
            ],
            "Total current assets": [
                24643,
                30296
            ]
        },
        "Property, plant and equipment, net": [
            4653,
            4502
        ],
        "Long-term marketable securities": [
            2276,
            1488
        ],
        "Intangible assets, net": [
            13225,
            13786
        ],
        "Goodwill": [
            4117,
            4117
        ],
        "Other long-term assets": [
            7020,
            7438
        ],
        "Total assets": [
            55934,
            61627
        ]
    },
    "Liabilities and Stockholders Equity": {
        "Current liabilities": {
            "Accounts payable": [
                532,
                713
            ],
            "Accrued government and other rebates": [
                3337,
                3473
            ],
            "Other accrued liabilities": [
                3696,
                3074
            ],
            "Current portion of long-term debt and other obligations, net": [
                2999,
                2499
            ],
            "Total current liabilities": [
                10564,
                9759
            ]
        },
        "Long-term debt, net": [
            21103,
            22094
        ],
        "Long-term income taxes payable": [
            5107,
            6115
        ],
        "Other long-term obligations": [
            1018,
            1009
        ],
        "Commitments and contingencies": null,
        "Stockholders equity": {
            "Preferred stock, par value $ 0.001 per share; 5 shares authorized; no one outstanding": [
                0,
                0
            ],
            "Common stock, par value $ 0.001 per share; 5,600 shares authorized; 1,254 and 1,266 shares issued and outstanding, respectively": [
                1,
                1
            ],
            "Additional paid-in capital": [
                3511,
                3051
            ],
            "Accumulated other comprehensive income": [
                70,
                85
            ],
            "Retained earnings": [
                14445,
                19388
            ],
            "Total Gilead stockholders equity": [
                18027,
                22525
            ],
            "Noncontrolling interest": [
                115,
                125
            ],
            "Total stockholders equity": [
                18142,
                22650
            ]
        },
        "Total liabilities and stockholders equity": [
            55934,
            61627
        ]
    }
}