{
    "Assets": {
        "Current assets": {
            "Cash and cash equivalents": [
                10051,
                11631
            ],
            "Short-term marketable securities": [
                10734,
                12721
            ],
            "Accounts receivable, net of allowances of $793 and $758, respectively": [
                3907,
                3582
            ],
            "Inventories": [
                986,
                922
            ],
            "Prepaid and other current assets": [
                1272,
                1440
            ],
            "Total current assets": [
                26950,
                30296
            ]
        },
        "Property, plant and equipment, net": [
            4564,
            4502
        ],
        "Long-term marketable securities": [
            3529,
            1488
        ],
        "Intangible assets, net": [
            13502,
            13786
        ],
        "Goodwill": [
            4117,
            4117
        ],
        "Other long-term assets": [
            7079,
            7438
        ],
        "Total assets": [
            59741,
            61627
        ]
    },
    "Liabilities and Stockholders Equity": {
        "Current liabilities": {
            "Accounts payable": [
                590,
                713
            ],
            "Accrued government and other rebates": [
                3457,
                3473
            ],
            "Other accrued liabilities": [
                2833,
                3074
            ],
            "Current portion of long-term debt and other obligations, net": [
                1999,
                2499
            ],
            "Total current liabilities": [
                8879,
                9759
            ]
        },
        "Long-term debt, net": [
            22098,
            22094
        ],
        "Long-term income taxes payable": [
            5595,
            6115
        ],
        "Other long-term obligations": [
            990,
            1009
        ],
        "Commitments and contingencies": null,
        "Stockholders equity": {
            "Preferred stock, par value $0.001 per share; 5 shares authorized; none outstanding": [
                0,
                0
            ],
            "Common stock, par value $0.001 per share; 5,600 shares authorized; 1,254 and 1,266 shares issued and outstanding, respectively": [
                1,
                1
            ],
            "Additional paid-in capital": [
                3311,
                3051
            ],
            "Accumulated other comprehensive income": [
                46,
                85
            ],
            "Retained earnings": [
                18709,
                19388
            ],
            "Total Gilead stockholders equity": [
                22067,
                22525
            ],
            "Noncontrolling interest": [
                112,
                125
            ],
            "Total stockholders equity": [
                22179,
                22650
            ]
        },
        "Total liabilities and stockholders equity": [
            59741,
            61627
        ]
    }
}