{
    "ASSETS": {
        "Current Assets": {
            "Cash and cash equivalents": [
                11883,
                9519
            ],
            "Short-term investments": [
                2332,
                1043
            ],
            "Total Cash, Cash Equivalents and Short-Term Investments": [
                14215,
                10562
            ],
            "Marketable securities": [
                1220,
                1069
            ],
            "Trade accounts receivable, less allowances of $ 504 and $ 516 , respectively": [
                3495,
                3487
            ],
            "Inventories": [
                4252,
                4233
            ],
            "Prepaid expenses and other current assets": [
                4685,
                3240
            ],
            "Total Current Assets": [
                27867,
                22591
            ]
        },
        "Equity method investments": [
            19256,
            18264
        ],
        "Other investments": [
            104,
            501
        ],
        "Other noncurrent assets": [
            7031,
            6189
        ],
        "Deferred income tax assets": [
            1575,
            1746
        ],
        "Property, plant and equipment, less accumulated depreciation of $ 9,188 and $ 9,234 , respectively": [
            8860,
            9841
        ],
        "Trademarks with indefinite lives": [
            14213,
            14214
        ],
        "Goodwill": [
            18144,
            18782
        ],
        "Other intangible assets": [
            528,
            635
        ],
        "Total Assets": [
            97578,
            92763
        ]
    },
    "LIABILITIES AND EQUITY": {
        "Current Liabilities": {
            "Accounts payable and accrued expenses": [
                16837,
                15749
            ],
            "Loans and notes payable": [
                3915,
                2373
            ],
            "Current maturities of long-term debt": [
                2080,
                399
            ],
            "Accrued income taxes": [
                1577,
                1203
            ],
            "Total Current Liabilities": [
                24409,
                19724
            ]
        },
        "Long-term debt": [
            34176,
            36377
        ],
        "Other noncurrent liabilities": [
            8427,
            7922
        ],
        "Deferred income tax liabilities": [
            2733,
            2914
        ],
        "The Coca-Cola Company Shareowners Equity": {
            "Common stock, $ 0.25 par value; authorized 11,200 shares; issued 7,040 shares": [
                1760,
                1760
            ],
            "Capital surplus": [
                19081,
                18822
            ],
            "Reinvested earnings": [
                73793,
                71019
            ],
            "Accumulated other comprehensive income (loss)": [
                -14815,
                -14895
            ],
            "Treasury stock, at cost 2,716 and 2,712 shares, respectively": [
                -53494,
                -52601
            ],
            "Equity Attributable to Shareowners of The Coca-Cola Company": [
                26325,
                24105
            ],
            "Equity attributable to noncontrolling interests": [
                1508,
                1721
            ],
            "Total Equity": [
                27833,
                25826
            ]
        },
        "Total Liabilities and Equity": [
            97578,
            92763
        ]
    }
}