{
    "ASSETS": {
        "Current Assets": {
            "Cash and cash equivalents": [
                12564,
                9519
            ],
            "Short-term investments": [
                1867,
                1043
            ],
            "Total Cash, Cash Equivalents and Short-Term Investments": [
                14431,
                10562
            ],
            "Marketable securities": [
                1263,
                1069
            ],
            "Trade accounts receivable, less allowances of $ 510 and $ 516 , respectively": [
                3970,
                3487
            ],
            "Inventories": [
                4646,
                4233
            ],
            "Prepaid expenses and other current assets": [
                3281,
                3240
            ],
            "Total Current Assets": [
                27591,
                22591
            ]
        },
        "Equity method investments": [
            19262,
            18264
        ],
        "Other investments": [
            158,
            501
        ],
        "Other noncurrent assets": [
            6592,
            6189
        ],
        "Deferred income tax assets": [
            1661,
            1746
        ],
        "Property, plant and equipment, less accumulated depreciation of $ 9,527 and $ 9,234 , respectively": [
            9706,
            9841
        ],
        "Trademarks with indefinite lives": [
            14369,
            14214
        ],
        "Goodwill": [
            18545,
            18782
        ],
        "Other intangible assets": [
            572,
            635
        ],
        "Total Assets": [
            98456,
            92763
        ]
    },
    "LIABILITIES AND EQUITY": {
        "Current Liabilities": {
            "Accounts payable and accrued expenses": [
                16483,
                15749
            ],
            "Loans and notes payable": [
                4828,
                2373
            ],
            "Current maturities of long-term debt": [
                1171,
                399
            ],
            "Accrued income taxes": [
                1633,
                1203
            ],
            "Total Current Liabilities": [
                24115,
                19724
            ]
        },
        "Long-term debt": [
            35626,
            36377
        ],
        "Other noncurrent liabilities": [
            8449,
            7922
        ],
        "Deferred income tax liabilities": [
            2714,
            2914
        ],
        "The Coca-Cola Company Shareowners Equity": {
            "Common stock, $ 0.25 par value; authorized 11,200 shares; issued 7,040 shares": [
                1760,
                1760
            ],
            "Capital surplus": [
                18993,
                18822
            ],
            "Reinvested earnings": [
                72695,
                71019
            ],
            "Accumulated other comprehensive income (loss)": [
                -14017,
                -14895
            ],
            "Treasury stock, at cost 2,716 and 2,712 shares, respectively": [
                -53418,
                -52601
            ],
            "Equity Attributable to Shareowners of The Coca-Cola Company": [
                26013,
                24105
            ],
            "Equity attributable to noncontrolling interests": [
                1539,
                1721
            ],
            "Total Equity": [
                27552,
                25826
            ]
        },
        "Total Liabilities and Equity": [
            98456,
            92763
        ]
    }
}