{
    "Assets": {
        "Current assets": {
            "Cash and cash equivalents": [
                2919,
                4477
            ],
            "Accounts receivable, less allowances of $ 185 and $ 150": [
                7671,
                7977
            ],
            "Inventories": [
                5722,
                5051
            ],
            "Contract assets, net": [
                1248,
                968
            ],
            "Other current assets": [
                1739,
                1640
            ],
            "Total current assets": [
                19299,
                20113
            ]
        },
        "Property, plant and equipment, net": [
            8628,
            8333
        ],
        "Acquisition-related intangible assets, net": [
            17813,
            20113
        ],
        "Other assets": [
            4308,
            4640
        ],
        "Goodwill": [
            40488,
            41924
        ],
        "Total assets": [
            90536,
            95123
        ]
    },
    "Liabilities, redeemable noncontrolling interest and equity": {
        "Current liabilities": {
            "Short-term obligations and current maturities of long-term obligations": [
                1010,
                2537
            ],
            "Accounts payable": [
                2471,
                2867
            ],
            "Accrued payroll and employee benefits": [
                1864,
                2427
            ],
            "Contract liabilities": [
                2567,
                2655
            ],
            "Other accrued expenses": [
                3206,
                2950
            ],
            "Total current liabilities": [
                11118,
                13436
            ]
        },
        "Deferred income taxes": [
            3140,
            3837
        ],
        "Other long-term liabilities": [
            4401,
            4540
        ],
        "Long-term obligations": [
            28150,
            32333
        ],
        "Redeemable noncontrolling interest": [
            119,
            122
        ],
        "Equity": {
            "Thermo Fisher Scientific Inc. shareholders equity": {
                "Preferred stock, $ 100 par value, 50,000 shares authorized; none issued": [
                    0,
                    0
                ],
                "Common stock, $ 1 par value, 1,200,000,000 shares authorized; 440,352,770 and 439,154,741 shares issued": [
                    440,
                    439
                ],
                "Capital in excess of par value": [
                    16596,
                    16174
                ],
                "Retained earnings": [
                    40452,
                    35431
                ],
                "Treasury stock at cost, 48,157,213 and 44,720,112 shares": [
                    -11011,
                    -8922
                ],
                "Accumulated other comprehensive items": [
                    -2928,
                    -2329
                ],
                "Total Thermo Fisher Scientific Inc. shareholders equity": [
                    43549,
                    40793
                ]
            },
            "Noncontrolling interests": [
                59,
                62
            ],
            "Total equity": [
                43608,
                40855
            ]
        },
        "Total liabilities, redeemable noncontrolling interest and equity": [
            90536,
            95123
        ]
    }
}