{
    "Assets": {
        "Current Assets": {
            "Cash and cash equivalents": [
                2981,
                2399
            ],
            "Accounts receivable, less allowances of $ 101 and $ 102": [
                4508,
                4349
            ],
            "Inventories": [
                3454,
                3370
            ],
            "Contract assets, net": [
                658,
                603
            ],
            "Other current assets": [
                1137,
                1172
            ],
            "Total current assets": [
                12738,
                11893
            ]
        },
        "Property, Plant and Equipment, Net": [
            4736,
            4749
        ],
        "Acquisition-related Intangible Assets, Net": [
            13543,
            14014
        ],
        "Other Assets": [
            2057,
            2011
        ],
        "Goodwill": [
            25614,
            25714
        ],
        "Total Assets": [
            58688,
            58381
        ]
    },
    "Liabilities and Shareholders' Equity": {
        "Current Liabilities": {
            "Short-term obligations and current maturities of long-term obligations": [
                738,
                676
            ],
            "Accounts payable": [
                1599,
                1920
            ],
            "Accrued payroll and employee benefits": [
                755,
                1010
            ],
            "Contract liabilities": [
                938,
                916
            ],
            "Other accrued expenses": [
                1470,
                1675
            ],
            "Total current liabilities": [
                5500,
                6197
            ]
        },
        "Deferred Income Taxes": [
            2137,
            2192
        ],
        "Other Long-term Liabilities": [
            3261,
            3241
        ],
        "Long-term Obligations": [
            19231,
            17076
        ],
        "Shareholders' Equity": {
            "Preferred stock, $ 100 par value, 50,000 shares authorized; none issued": [
                0,
                0
            ],
            "Common stock, $ 1 par value, 1,200,000,000 shares authorized; 435,242,143 and 434,416,804 shares issued": [
                435,
                434
            ],
            "Capital in excess of par value": [
                15186,
                15064
            ],
            "Retained earnings": [
                22791,
                22092
            ],
            "Treasury stock at cost, 40,291,039 and 35,676,421 shares": [
                -6765,
                -5236
            ],
            "Accumulated other comprehensive items": [
                -3088,
                -2679
            ],
            "Total shareholders' equity": [
                28559,
                29675
            ]
        },
        "Total Liabilities and Shareholders' Equity": [
            58688,
            58381
        ]
    }
}