{
    "Assets": {
        "Current Assets": {
            "Cash and cash equivalents": [
                2288,
                2103
            ],
            "Accounts receivable, less allowances of $113 and $117": [
                4129,
                4136
            ],
            "Inventories": [
                3209,
                3005
            ],
            "Other current assets": [
                1597,
                1381
            ],
            "Total current assets": [
                11223,
                10625
            ]
        },
        "Property, Plant and Equipment, Net": [
            4394,
            4165
        ],
        "Acquisition-related Intangible Assets, Net": [
            14863,
            14978
        ],
        "Other Assets": [
            1733,
            1117
        ],
        "Goodwill": [
            25757,
            25347
        ],
        "Total Assets": [
            57970,
            56232
        ]
    },
    "Liabilities and Shareholders' Equity": {
        "Current Liabilities": {
            "Short-term obligations and current maturities of long-term obligations": [
                2377,
                1271
            ],
            "Accounts payable": [
                1391,
                1615
            ],
            "Accrued payroll and employee benefits": [
                809,
                982
            ],
            "Contract liabilities": [
                1062,
                809
            ],
            "Other accrued expenses": [
                1870,
                1470
            ],
            "Total current liabilities": [
                7509,
                6147
            ]
        },
        "Deferred Income Taxes": [
            1936,
            2265
        ],
        "Other Long-term Liabilities": [
            3133,
            2515
        ],
        "Long-term Obligations": [
            16663,
            17719
        ],
        "Shareholders' Equity": {
            "Preferred stock, $100 par value, 50,000 shares authorized; none issued": [
                0,
                0
            ],
            "Common stock, $1 par value, 1,200,000,000 shares authorized; 433,358,204 and 431,566,561 shares issued": [
                433,
                432
            ],
            "Capital in excess of par value": [
                14887,
                14621
            ],
            "Retained earnings": [
                20482,
                18696
            ],
            "Treasury stock at cost, 32,882,460 and 29,444,882 shares": [
                -4443,
                -3665
            ],
            "Accumulated other comprehensive items": [
                -2630,
                -2498
            ],
            "Total shareholders' equity": [
                28729,
                27586
            ]
        },
        "Total Liabilities and Shareholders' Equity": [
            57970,
            56232
        ]
    }
}