{
    "ASSETS": {
        "Current assets": {
            "Cash and cash equivalents": [
                34741,
                7629
            ],
            "Marketable securities": [
                0,
                1676
            ],
            "Trade receivables, net": [
                6145,
                5563
            ],
            "Inventories": [
                5026,
                4930
            ],
            "Other current assets": [
                2565,
                2388
            ],
            "Total current assets": [
                48477,
                22186
            ]
        },
        "Property, plant and equipment, net": [
            5563,
            5427
        ],
        "Intangible assets, net": [
            13150,
            16080
        ],
        "Goodwill": [
            15509,
            15529
        ],
        "Other noncurrent assets": [
            7835,
            5899
        ],
        "Total assets": [
            90534,
            65121
        ]
    },
    "LIABILITIES AND STOCKHOLDERS EQUITY": {
        "Current liabilities": {
            "Accounts payable": [
                1358,
                1572
            ],
            "Accrued liabilities": [
                14168,
                12524
            ],
            "Current portion of long-term debt": [
                1428,
                1591
            ],
            "Total current liabilities": [
                16954,
                15687
            ]
        },
        "Long-term debt": [
            59040,
            37354
        ],
        "Long-term tax liabilities": [
            4579,
            5757
        ],
        "Other noncurrent liabilities": [
            2305,
            2662
        ],
        "Contingencies and commitments": null,
        "Stockholders equity": {
            "Common stock and additional paid-in capital; $ 0.0001 par value; 2,750.0 shares authorized; outstanding 535.1 shares in 2023 and 534.0 shares in 2022": [
                32753,
                32514
            ],
            "Accumulated deficit": [
                -24971,
                -28622
            ],
            "Accumulated other comprehensive loss": [
                -126,
                -231
            ],
            "Total stockholders equity": [
                7656,
                3661
            ]
        },
        "Total liabilities and stockholders equity": [
            90534,
            65121
        ]
    }
}