{
    "ASSETS": {
        "Current Assets": {
            "Cash and cash equivalents": [
                8813,
                5238
            ],
            "Marketable securities": [
                403,
                503
            ],
            "Accounts receivable": [
                9383,
                9645
            ],
            "Less: Allowance for credit losses": [
                -153,
                -93
            ],
            "Accounts receivable, net": [
                9230,
                9552
            ],
            "Other current assets": [
                1780,
                1810
            ],
            "Total Current Assets": [
                20226,
                17103
            ]
        },
        "Property, Plant and Equipment, Net": [
            31439,
            30482
        ],
        "Operating Lease Right-Of-Use Assets": [
            2998,
            2856
        ],
        "Goodwill": [
            3787,
            3813
        ],
        "Intangible Assets, Net": [
            2207,
            2167
        ],
        "Investments and Restricted Cash": [
            24,
            24
        ],
        "Deferred Income Tax Assets": [
            277,
            330
        ],
        "Other Non-Current Assets": [
            1099,
            1082
        ],
        "Total Assets": [
            62057,
            57857
        ]
    },
    "LIABILITIES AND SHAREOWNERS EQUITY": {
        "Current Liabilities": {
            "Current maturities of long-term debt, commercial paper and finance leases": [
                3749,
                3420
            ],
            "Current maturities of operating leases": [
                534,
                538
            ],
            "Accounts payable": [
                5271,
                5555
            ],
            "Accrued wages and withholdings": [
                2922,
                2552
            ],
            "Self-insurance reserves": [
                1080,
                914
            ],
            "Accrued group welfare and retirement plan contributions": [
                794,
                793
            ],
            "Other current liabilities": [
                1921,
                1641
            ],
            "Total Current Liabilities": [
                16271,
                15413
            ]
        },
        "Long-Term Debt and Finance Leases": [
            23199,
            21818
        ],
        "Non-Current Operating Leases": [
            2463,
            2391
        ],
        "Pension and Postretirement Benefit Obligations": [
            10554,
            10601
        ],
        "Deferred Income Tax Liabilities": [
            1918,
            1632
        ],
        "Other Non-Current Liabilities": [
            3276,
            2719
        ],
        "Shareowners Equity": {
            "Class A common stock ( 157 and 156 shares issued in 2020 and 2019, respectively)": [
                2,
                2
            ],
            "Class B common stock ( 706 and 701 shares issued in 2020 and 2019, respectively)": [
                7,
                7
            ],
            "Additional paid-in capital": [
                255,
                150
            ],
            "Retained earnings": [
                10032,
                9105
            ],
            "Accumulated other comprehensive loss": [
                -5933,
                -5997
            ],
            "Deferred compensation obligations": [
                20,
                26
            ],
            "Less: Treasury stock ( 0.4 shares in 2020 and 2019)": [
                -20,
                -26
            ],
            "Total Equity for Controlling Interests": [
                4363,
                3267
            ],
            "Noncontrolling interests": [
                13,
                16
            ],
            "Total Shareowners Equity": [
                4376,
                3283
            ]
        },
        "Total Liabilities and Shareowners Equity": [
            62057,
            57857
        ]
    }
}