{
    "ASSETS": {
        "Current Assets": {
            "Cash and cash equivalents": [
                8955,
                5238
            ],
            "Marketable securities": [
                505,
                503
            ],
            "Accounts receivable": [
                8245,
                9645
            ],
            "Less: Allowance for credit losses": [
                -119,
                -93
            ],
            "Accounts receivable, net": [
                8126,
                9552
            ],
            "Other current assets": [
                1803,
                1810
            ],
            "Total Current Assets": [
                19389,
                17103
            ]
        },
        "Property, Plant and Equipment, Net": [
            30908,
            30482
        ],
        "Operating Lease Right-Of-Use Assets": [
            3041,
            2856
        ],
        "Goodwill": [
            3776,
            3813
        ],
        "Intangible Assets, Net": [
            2176,
            2167
        ],
        "Investments and Restricted Cash": [
            23,
            24
        ],
        "Deferred Income Tax Assets": [
            299,
            330
        ],
        "Other Non-Current Assets": [
            1283,
            1082
        ],
        "Total Assets": [
            60895,
            57857
        ]
    },
    "LIABILITIES AND SHAREOWNERS EQUITY": {
        "Current Liabilities": {
            "Current maturities of long-term debt, commercial paper and finance leases": [
                4405,
                3420
            ],
            "Current maturities of operating leases": [
                526,
                538
            ],
            "Accounts payable": [
                4779,
                5555
            ],
            "Accrued wages and withholdings": [
                2606,
                2552
            ],
            "Self-insurance reserves": [
                980,
                914
            ],
            "Accrued group welfare and retirement plan contributions": [
                790,
                793
            ],
            "Other current liabilities": [
                1760,
                1641
            ],
            "Total Current Liabilities": [
                15846,
                15413
            ]
        },
        "Long-Term Debt and Finance Leases": [
            24196,
            21818
        ],
        "Non-Current Operating Leases": [
            2493,
            2391
        ],
        "Pension and Postretirement Benefit Obligations": [
            10477,
            10601
        ],
        "Deferred Income Tax Liabilities": [
            1787,
            1632
        ],
        "Other Non-Current Liabilities": [
            2783,
            2719
        ],
        "Shareowners Equity": {
            "Class A common stock (158 and 156 shares issued in 2020 and 2019, respectively)": [
                2,
                2
            ],
            "Class B common stock (703 and 701 shares issued in 2020 and 2019, respectively)": [
                7,
                7
            ],
            "Additional paid-in capital": [
                29,
                150
            ],
            "Retained earnings": [
                9137,
                9105
            ],
            "Accumulated other comprehensive loss": [
                -5876,
                -5997
            ],
            "Deferred compensation obligations": [
                19,
                26
            ],
            "Less: Treasury stock (0.4 shares in 2020 and 2019)": [
                -19,
                -26
            ],
            "Total Equity for Controlling Interests": [
                3299,
                3267
            ],
            "Noncontrolling interests": [
                14,
                16
            ],
            "Total Shareowners Equity": [
                3313,
                3283
            ]
        },
        "Total Liabilities and Shareowners Equity": [
            60895,
            57857
        ]
    }
}