{
    "ASSETS": {
        "Current assets": {
            "Cash and cash equivalents": [
                5203,
                7989
            ],
            "Marketable securities": [
                1980,
                48
            ],
            "Trade receivables, net": [
                5327,
                4895
            ],
            "Inventories": [
                4554,
                4086
            ],
            "Other current assets": [
                2258,
                2367
            ],
            "Total current assets": [
                19322,
                19385
            ]
        },
        "Property, plant and equipment, net": [
            5158,
            5184
        ],
        "Intangible assets, net": [
            13927,
            15182
        ],
        "Goodwill": [
            14865,
            14890
        ],
        "Other noncurrent assets": [
            6022,
            6524
        ],
        "Total assets": [
            59294,
            61165
        ]
    },
    "LIABILITIES AND STOCKHOLDERS EQUITY": {
        "Current liabilities": {
            "Accounts payable": [
                1256,
                1366
            ],
            "Accrued liabilities": [
                10545,
                10731
            ],
            "Current portion of long-term debt": [
                817,
                87
            ],
            "Total current liabilities": [
                12618,
                12184
            ]
        },
        "Long-term debt": [
            35705,
            33222
        ],
        "Long-term tax liabilities": [
            5603,
            6594
        ],
        "Other noncurrent liabilities": [
            2949,
            2465
        ],
        "Contingencies and commitments": null,
        "Stockholders equity": {
            "Common stock and additional paid-in capital; $ 0.0001 par value; 2,750.0 shares authorized; outstanding 534.9 shares in 2022 and 558.3 shares in 2021": [
                31343,
                32096
            ],
            "Accumulated deficit": [
                -28252,
                -24600
            ],
            "Accumulated other comprehensive loss": [
                -672,
                -796
            ],
            "Total stockholders equity": [
                2419,
                6700
            ]
        },
        "Total liabilities and stockholders equity": [
            59294,
            61165
        ]
    }
}