{
    "ASSETS": {
        "Current assets": {
            "Cash and cash equivalents": [
                36220,
                53888
            ],
            "Marketable securities": [
                59829,
                16138
            ],
            "Inventories": [
                32640,
                34405
            ],
            "Accounts receivable, net and other": [
                32891,
                42360
            ],
            "Total current assets": [
                161580,
                146791
            ]
        },
        "Property and equipment, net": [
            160281,
            186715
        ],
        "Operating leases": [
            56082,
            66123
        ],
        "Goodwill": [
            15371,
            20288
        ],
        "Other assets": [
            27235,
            42758
        ],
        "Total assets": [
            420549,
            462675
        ]
    },
    "LIABILITIES AND STOCKHOLDERS EQUITY": {
        "Current liabilities": {
            "Accounts payable": [
                78664,
                79600
            ],
            "Accrued expenses and other": [
                51775,
                62566
            ],
            "Unearned revenue": [
                11827,
                13227
            ],
            "Total current liabilities": [
                142266,
                155393
            ]
        },
        "Long-term lease liabilities": [
            67651,
            72968
        ],
        "Long-term debt": [
            48744,
            67150
        ],
        "Other long-term liabilities": [
            23643,
            21121
        ],
        "Commitments and contingencies (Note 7)": null,
        "Stockholders equity": {
            "Preferred stock ($ 0.01 par value; 500 shares authorized; no shares issued or outstanding)": [
                0,
                0
            ],
            "Common stock ($ 0.01 par value; 100,000 shares authorized; 10,644 and 10,757 shares issued; 10,175 and 10,242 shares outstanding)": [
                106,
                108
            ],
            "Treasury stock, at cost": [
                -1837,
                -7837
            ],
            "Additional paid-in capital": [
                55437,
                75066
            ],
            "Accumulated other comprehensive income (loss)": [
                -1376,
                -4487
            ],
            "Retained earnings": [
                85915,
                83193
            ],
            "Total stockholders equity": [
                138245,
                146043
            ]
        },
        "Total liabilities and stockholders equity": [
            420549,
            462675
        ]
    }
}