{
    "ASSETS": {
        "Current assets": {
            "Cash and cash equivalents": [
                42122,
                36220
            ],
            "Marketable securities": [
                42274,
                59829
            ],
            "Inventories": [
                23795,
                32640
            ],
            "Accounts receivable, net and other": [
                24542,
                32891
            ],
            "Total current assets": [
                132733,
                161580
            ]
        },
        "Property and equipment, net": [
            113114,
            160281
        ],
        "Operating leases": [
            37553,
            56082
        ],
        "Goodwill": [
            15017,
            15371
        ],
        "Other assets": [
            22778,
            27235
        ],
        "Total assets": [
            321195,
            420549
        ]
    },
    "LIABILITIES AND STOCKHOLDERS EQUITY": {
        "Current liabilities": {
            "Accounts payable": [
                72539,
                78664
            ],
            "Accrued expenses and other": [
                44138,
                51775
            ],
            "Unearned revenue": [
                9708,
                11827
            ],
            "Total current liabilities": [
                126385,
                142266
            ]
        },
        "Long-term lease liabilities": [
            52573,
            67651
        ],
        "Long-term debt": [
            31816,
            48744
        ],
        "Other long-term liabilities": [
            17017,
            23643
        ],
        "Commitments and contingencies": null,
        "Stockholders equity": {
            "Preferred stock, $ 0.01 par value: Authorized shares 500 Issued and outstanding shares none": [
                0,
                0
            ],
            "Common stock, $ 0.01 par value: Authorized shares 5,000 Issued shares 527 and 532 Outstanding shares 503 and 509": [
                5,
                5
            ],
            "Treasury stock, at cost": [
                -1837,
                -1837
            ],
            "Additional paid-in capital": [
                42865,
                55538
            ],
            "Accumulated other comprehensive income (loss)": [
                -180,
                -1376
            ],
            "Retained earnings": [
                52551,
                85915
            ],
            "Total stockholders equity": [
                93404,
                138245
            ]
        },
        "Total liabilities and stockholders equity": [
            321195,
            420549
        ]
    }
}