{
    "ASSETS": {
        "Current assets": {
            "Cash and cash equivalents": [
                36092,
                42122
            ],
            "Marketable securities": [
                18929,
                42274
            ],
            "Inventories": [
                20497,
                23795
            ],
            "Accounts receivable, net and other": [
                20816,
                24542
            ],
            "Total current assets": [
                96334,
                132733
            ]
        },
        "Property and equipment, net": [
            72705,
            113114
        ],
        "Operating leases": [
            25141,
            37553
        ],
        "Goodwill": [
            14754,
            15017
        ],
        "Other assets": [
            16314,
            22778
        ],
        "Total assets": [
            225248,
            321195
        ]
    },
    "LIABILITIES AND STOCKHOLDERS EQUITY": {
        "Current liabilities": {
            "Accounts payable": [
                47183,
                72539
            ],
            "Accrued expenses and other": [
                32439,
                44138
            ],
            "Unearned revenue": [
                8190,
                9708
            ],
            "Total current liabilities": [
                87812,
                126385
            ]
        },
        "Long-term lease liabilities": [
            39791,
            52573
        ],
        "Long-term debt": [
            23414,
            31816
        ],
        "Other long-term liabilities": [
            12171,
            17017
        ],
        "Commitments and contingencies": null,
        "Stockholders equity": {
            "Preferred stock, $ 0.01 par value: Authorized shares 500 Issued and outstanding shares none": [
                0,
                0
            ],
            "Common stock, $ 0.01 par value: Authorized shares 5,000 Issued shares 521 and 527 Outstanding shares 498 and 503": [
                5,
                5
            ],
            "Treasury stock, at cost": [
                -1837,
                -1837
            ],
            "Additional paid-in capital": [
                33658,
                42865
            ],
            "Accumulated other comprehensive income (loss)": [
                -986,
                -180
            ],
            "Retained earnings": [
                31220,
                52551
            ],
            "Total stockholders equity": [
                62060,
                93404
            ]
        },
        "Total liabilities and stockholders equity": [
            225248,
            321195
        ]
    }
}