{
    "ASSETS": {
        "Current assets": {
            "Cash and cash equivalents": [
                36092,
                37466
            ],
            "Marketable securities": [
                18929,
                33925
            ],
            "Inventories": [
                20497,
                19599
            ],
            "Accounts receivable, net and other": [
                20816,
                19918
            ],
            "Total current assets": [
                96334,
                110908
            ]
        },
        "Property and equipment, net": [
            72705,
            86517
        ],
        "Operating leases": [
            25141,
            28537
        ],
        "Goodwill": [
            14754,
            14751
        ],
        "Other assets": [
            16314,
            17601
        ],
        "Total assets": [
            225248,
            258314
        ]
    },
    "LIABILITIES AND STOCKHOLDERS EQUITY": {
        "Current liabilities": {
            "Accounts payable": [
                47183,
                51036
            ],
            "Accrued expenses and other": [
                32439,
                33863
            ],
            "Unearned revenue": [
                8190,
                8997
            ],
            "Total current liabilities": [
                87812,
                93896
            ]
        },
        "Long-term lease liabilities": [
            39791,
            42798
        ],
        "Long-term debt": [
            23414,
            33128
        ],
        "Other long-term liabilities": [
            12171,
            14764
        ],
        "Commitments and contingencies": null,
        "Stockholders equity": {
            "Preferred stock, $0.01 par value:": {
                "Authorized shares": 500,
                "Issued and outstanding shares": "none"
            },
            "Common stock, $0.01 par value:": {
                "Authorized shares": 5000,
                "Issued shares": [
                    521,
                    524
                ],
                "Outstanding shares": [
                    498,
                    501
                ]
            },
            "Treasury stock, at cost": [
                -1837,
                -1837
            ],
            "Additional paid-in capital": [
                33658,
                38017
            ],
            "Accumulated other comprehensive income (loss)": [
                -986,
                -1455
            ],
            "Retained earnings": [
                31220,
                38998
            ],
            "Total stockholders equity": [
                62060,
                73728
            ]
        },
        "Total liabilities and stockholders equity": [
            225248,
            258314
        ]
    }
}