{
    "ASSETS": {
        "Current assets": {
            "Cash and cash equivalents": [
                36092,
                27201
            ],
            "Marketable securities": [
                18929,
                22091
            ],
            "Inventories": [
                20497,
                18857
            ],
            "Accounts receivable, net and other": [
                20816,
                17836
            ],
            "Total current assets": [
                96334,
                85985
            ]
        },
        "Property and equipment, net": [
            72705,
            77779
        ],
        "Operating leases": [
            25141,
            26279
        ],
        "Goodwill": [
            14754,
            14739
        ],
        "Other assets": [
            16314,
            16456
        ],
        "Total assets": [
            225248,
            221238
        ]
    },
    "LIABILITIES AND STOCKHOLDERS EQUITY": {
        "Current liabilities": {
            "Accounts payable": [
                47183,
                40056
            ],
            "Accrued expenses and other": [
                32439,
                30791
            ],
            "Unearned revenue": [
                8190,
                8864
            ],
            "Total current liabilities": [
                87812,
                79711
            ]
        },
        "Long-term lease liabilities": [
            39791,
            40300
        ],
        "Long-term debt": [
            23414,
            23437
        ],
        "Other long-term liabilities": [
            12171,
            12518
        ],
        "Commitments and contingencies": null,
        "Stockholders equity": {
            "Preferred stock, $0.01 par value: Authorized shares 500: Issued and outstanding shares none": [
                0,
                0
            ],
            "Common stock, $0.01 par value: Authorized shares 5,000: Issued shares 521 and 522: Outstanding shares 498 and 499": [
                5,
                5
            ],
            "Treasury stock, at cost": [
                -1837,
                -1837
            ],
            "Additional paid-in capital": [
                33658,
                35412
            ],
            "Accumulated other comprehensive income (loss)": [
                -986,
                -2063
            ],
            "Retained earnings": [
                31220,
                33755
            ],
            "Total stockholders equity": [
                62060,
                65272
            ]
        },
        "Total liabilities and stockholders equity": [
            225248,
            221238
        ]
    }
}