{
    "ASSETS": {
        "Current assets": {
            "Cash and cash equivalents": [
                31750,
                36092
            ],
            "Marketable securities": [
                9500,
                18929
            ],
            "Inventories": [
                17174,
                20497
            ],
            "Accounts receivable, net and other": [
                16677,
                20816
            ],
            "Total current assets": [
                75101,
                96334
            ]
        },
        "Property and equipment, net": [
            61797,
            72705
        ],
        "Operating leases": [
            0,
            25141
        ],
        "Goodwill": [
            14548,
            14754
        ],
        "Other assets": [
            11202,
            16314
        ],
        "Total assets": [
            162648,
            225248
        ]
    },
    "LIABILITIES AND STOCKHOLDERS EQUITY": {
        "Current liabilities": {
            "Accounts payable": [
                38192,
                47183
            ],
            "Accrued expenses and other": [
                23663,
                32439
            ],
            "Unearned revenue": [
                6536,
                8190
            ],
            "Total current liabilities": [
                68391,
                87812
            ]
        },
        "Long-term lease liabilities": [
            9650,
            39791
        ],
        "Long-term debt": [
            23495,
            23414
        ],
        "Other long-term liabilities": [
            17563,
            12171
        ],
        "Commitments and contingencies": null,
        "Stockholders equity": {
            "Preferred stock, $0.01 par value": {
                "Authorized shares": 500,
                "Issued and outstanding shares": 0
            },
            "Common stock, $0.01 par value": {
                "Authorized shares": 5000,
                "Issued shares": [
                    514,
                    521
                ],
                "Outstanding shares": [
                    491,
                    498
                ]
            },
            "Treasury stock, at cost": [
                -1837,
                -1837
            ],
            "Additional paid-in capital": [
                26791,
                33658
            ],
            "Accumulated other comprehensive income (loss": [
                -1035,
                -986
            ],
            "Retained earnings": [
                19625,
                31220
            ],
            "Total stockholders equity": [
                43549,
                62060
            ]
        },
        "Total liabilities and stockholders equity": [
            162648,
            225248
        ]
    }
}