{
    "ASSETS": {
        "Current Assets": {
            "Cash and Cash Equivalents": [
                2611,
                1499,
                853
            ],
            "Accounts Receivable, Net": [
                268,
                306,
                283
            ],
            "Inventories": [
                1476,
                1287,
                1329
            ],
            "Other": [
                150,
                153,
                188
            ],
            "Total Current Assets": [
                4505,
                3245,
                2653
            ]
        },
        "Property and Equipment, Net": [
            2292,
            2486,
            2756
        ],
        "Operating Lease Assets": [
            2635,
            3053,
            3209
        ],
        "Goodwill": [
            628,
            628,
            1348
        ],
        "Trade Names": [
            411,
            411,
            411
        ],
        "Deferred Income Taxes": [
            74,
            84,
            62
        ],
        "Other Assets": [
            335,
            218,
            179
        ],
        "Total Assets": [
            10880,
            10125,
            10618
        ]
    },
    "LIABILITIES AND EQUITY (DEFICIT)": {
        "Current Liabilities": {
            "Accounts Payable": [
                957,
                647,
                763
            ],
            "Accrued Expenses and Other": [
                1340,
                1052,
                919
            ],
            "Current Debt": [
                460,
                61,
                75
            ],
            "Current Operating Lease Liabilities": [
                624,
                478,
                456
            ],
            "Income Taxes": [
                52,
                134,
                3
            ],
            "Total Current Liabilities": [
                3433,
                2372,
                2216
            ]
        },
        "Deferred Income Taxes": [
            191,
            219,
            241
        ],
        "Long-term Debt": [
            6269,
            5487,
            5475
        ],
        "Long-term Operating Lease Liabilities": [
            2698,
            3052,
            3165
        ],
        "Other Long-term Liabilities": [
            193,
            490,
            450
        ],
        "Shareholders  Equity (Deficit)": {
            "Preferred Stock - $1.00 par value; 10 shares authorized; none issued": [
                null,
                null,
                null
            ],
            "Common Stock - $0.50 par value; 1,000 shares authorized; 286, 285 and 284 shares issued; 278, 277 and 276 shares outstanding, respectively": [
                143,
                142,
                142
            ],
            "Paid-in Capital": [
                869,
                847,
                806
            ],
            "Accumulated Other Comprehensive Income": [
                49,
                52,
                49
            ],
            "Retained Earnings (Deficit)": [
                -2611,
                -2182,
                -1572
            ],
            "Less: Treasury Stock, at Average Cost; 8, 8 and 8 shares, respectively": [
                -358,
                -358,
                -358
            ],
            "Total L Brands, Inc. Shareholders  Equity (Deficit": [
                -1908,
                -1499,
                -933
            ],
            "Noncontrolling Interest": [
                4,
                4,
                4
            ],
            "Total Equity (Accumulated Deficit)": [
                -1904,
                -1495,
                -929
            ]
        },
        "Total Liabilities and Equity (Deficit)": [
            10880,
            10125,
            10618
        ]
    }
}