{
    "ASSETS": {
        "Current Assets": {
            "Cash and cash equivalents": [
                7335,
                6911
            ],
            "Marketable securities": [
                1429,
                1973
            ],
            "Receivables": [
                5704,
                5965
            ],
            "Inventories": [
                1283,
                1195
            ],
            "Prepaid expenses and other": [
                1342,
                1116
            ],
            "Total Current Assets": [
                17093,
                17160
            ]
        },
        "Property, plant and equipment": [
            4985,
            5027
        ],
        "Goodwill": [
            6536,
            6538
        ],
        "Other intangible assets": [
            1026,
            1091
        ],
        "Deferred income taxes": [
            1380,
            1371
        ],
        "Marketable securities": [
            1233,
            1775
        ],
        "Other assets": [
            2581,
            2024
        ],
        "Total Assets": [
            34834,
            34986
        ]
    },
    "LIABILITIES": {
        "Current Liabilities": {
            "Short-term debt obligations": [
                381,
                1703
            ],
            "Accounts payable": [
                1976,
                1892
            ],
            "Accrued liabilities": [
                5856,
                6489
            ],
            "Deferred income": [
                103,
                172
            ],
            "Income taxes payable": [
                525,
                398
            ],
            "Total Current Liabilities": [
                8841,
                10654
            ]
        },
        "Deferred income": [
            448,
            468
        ],
        "Income taxes payable": [
            3084,
            3043
        ],
        "Pension and other liabilities": [
            1509,
            1048
        ],
        "Long-term debt": [
            5635,
            5646
        ],
        "Total Liabilities": [
            19517,
            20859
        ],
        "Commitments and contingencies": null
    },
    "EQUITY": {
        "Bristol-Myers Squibb Company Shareholders Equity": {
            "Preferred stock": [
                0,
                0
            ],
            "Common stock": [
                221,
                221
            ],
            "Capital in excess of par value of stock": [
                2103,
                2081
            ],
            "Accumulated other comprehensive loss": [
                -2644,
                -2762
            ],
            "Retained earnings": [
                35109,
                34065
            ],
            "Less cost of treasury stock": [
                -19571,
                -19574
            ],
            "Total Bristol-Myers Squibb Company Shareholders Equity": [
                15218,
                14031
            ]
        },
        "Noncontrolling interest": [
            99,
            96
        ],
        "Total Equity": [
            15317,
            14127
        ]
    },
    "Total Liabilities and Equity": [
        34834,
        34986
    ]
}