{
    "ASSETS": {
        "Current assets": {
            "Cash and cash equivalents": [
                12074,
                13118
            ],
            "Premium and trade receivables": [
                13272,
                12238
            ],
            "Short-term investments": [
                2321,
                1539
            ],
            "Other current assets": [
                2461,
                1602
            ],
            "Total current assets": [
                30128,
                28497
            ]
        },
        "Long-term investments": [
            14684,
            14043
        ],
        "Restricted deposits": [
            1217,
            1068
        ],
        "Property, software and equipment, net": [
            2432,
            3391
        ],
        "Goodwill": [
            18812,
            19771
        ],
        "Intangible assets, net": [
            6911,
            7824
        ],
        "Other long-term assets": [
            2686,
            3781
        ],
        "Total assets": [
            76870,
            78375
        ]
    },
    "LIABILITIES, REDEEMABLE NONCONTROLLING INTERESTS AND STOCKHOLDERS' EQUITY": {
        "Current liabilities": {
            "Medical claims liability": [
                16745,
                14243
            ],
            "Accounts payable and accrued expenses": [
                9525,
                8493
            ],
            "Return of premium payable": [
                1634,
                2328
            ],
            "Unearned revenue": [
                478,
                434
            ],
            "Current portion of long-term debt": [
                82,
                267
            ],
            "Total current liabilities": [
                28464,
                25765
            ]
        },
        "Long-term debt": [
            17938,
            18571
        ],
        "Deferred tax liability": [
            615,
            1407
        ],
        "Other long-term liabilities": [
            5616,
            5610
        ],
        "Total liabilities": [
            52633,
            51353
        ],
        "Commitments and contingencies": null,
        "Redeemable noncontrolling interests": [
            56,
            82
        ],
        "Stockholders' equity": {
            "Preferred stock, $ 0.001 par value; authorized 10,000 shares; no shares issued or outstanding at December 31, 2022 and December 31, 2021": [
                0,
                0
            ],
            "Common stock, $ 0.001 par value; authorized 800,000 shares; 607,847 issued and 550,754 outstanding at December 31, 2022, and 602,704 issued and 582,479 outstanding at December 31, 2021": [
                1,
                1
            ],
            "Additional paid-in capital": [
                20060,
                19672
            ],
            "Accumulated other comprehensive earnings (loss)": [
                -1132,
                77
            ],
            "Retained earnings": [
                9341,
                8139
            ],
            "Treasury stock, at cost ( 57,093 and 20,225 shares, respectively)": [
                -4213,
                -1094
            ],
            "Total Centene stockholders' equity": [
                24057,
                26795
            ],
            "Nonredeemable noncontrolling interest": [
                124,
                145
            ],
            "Total stockholders' equity": [
                24181,
                26940
            ]
        },
        "Total liabilities, redeemable noncontrolling interests and stockholders' equity": [
            76870,
            78375
        ]
    }
}