{
    "ASSETS": {
        "Current assets": {
            "Cash and cash equivalents": [
                6875,
                5342
            ],
            "Premium and trade receivables": [
                5194,
                5150
            ],
            "Short-term investments": [
                765,
                722
            ],
            "Other current assets": [
                762,
                784
            ],
            "Total current assets": [
                13596,
                11998
            ]
        },
        "Long-term investments": [
            7632,
            6861
        ],
        "Restricted deposits": [
            630,
            555
        ],
        "Property, software and equipment, net": [
            1878,
            1706
        ],
        "Goodwill": [
            7126,
            7015
        ],
        "Intangible assets, net": [
            2163,
            2239
        ],
        "Other long-term assets": [
            1343,
            527
        ],
        "Total assets": [
            34368,
            30901
        ]
    },
    "LIABILITIES, REDEEMABLE NONCONTROLLING INTERESTS AND STOCKHOLDERS EQUITY": {
        "Current liabilities": {
            "Medical claims liability": [
                7447,
                6831
            ],
            "Accounts payable and accrued expenses": [
                4032,
                4051
            ],
            "Return of premium payable": [
                834,
                666
            ],
            "Unearned revenue": [
                253,
                385
            ],
            "Current portion of long-term debt": [
                87,
                38
            ],
            "Total current liabilities": [
                12653,
                11971
            ]
        },
        "Long-term debt": [
            7047,
            6648
        ],
        "Other long-term liabilities": [
            2398,
            1259
        ],
        "Total liabilities": [
            22098,
            19878
        ],
        "Commitments and contingencies": null,
        "Redeemable noncontrolling interests": [
            22,
            10
        ],
        "Stockholders equity": {
            "Preferred stock, $0.001 par value; authorized 10,000 shares; no shares issued or outstanding at June 30, 2019 and December 31, 2018": [
                0,
                0
            ],
            "Common stock, $0.001 par value; authorized 800,000 shares; 419,319 issued and 413,527 outstanding at June 30, 2019, and 417,695 issued and 412,478 outstanding at December 31, 2018": [
                0,
                0
            ],
            "Additional paid-in capital": [
                7531,
                7449
            ],
            "Accumulated other comprehensive earnings (loss)": [
                119,
                -56
            ],
            "Retained earnings": [
                4680,
                3663
            ],
            "Treasury stock, at cost (5,792 and 5,217 shares, respectively)": [
                -176,
                -139
            ],
            "Total Centene stockholders equity": [
                12154,
                10917
            ],
            "Noncontrolling interest": [
                94,
                96
            ],
            "Total stockholders equity": [
                12248,
                11013
            ]
        },
        "Total liabilities, redeemable noncontrolling interests and stockholders equity": [
            34368,
            30901
        ]
    }
}