{
    "ASSETS": {
        "Current assets": {
            "Cash and cash equivalents": [
                6345,
                5342
            ],
            "Premium and trade receivables": [
                5819,
                5150
            ],
            "Short-term investments": [
                697,
                722
            ],
            "Other current assets": [
                755,
                784
            ],
            "Total current assets": [
                13616,
                11998
            ]
        },
        "Long-term investments": [
            7186,
            6861
        ],
        "Restricted deposits": [
            582,
            555
        ],
        "Property, software and equipment, net": [
            1800,
            1706
        ],
        "Goodwill": [
            6981,
            7015
        ],
        "Intangible assets, net": [
            2208,
            2239
        ],
        "Other long-term assets": [
            1196,
            527
        ],
        "Total assets": [
            33569,
            30901
        ]
    },
    "LIABILITIES, REDEEMABLE NONCONTROLLING INTERESTS AND STOCKHOLDERS EQUITY": {
        "Current liabilities": {
            "Medical claims liability": [
                7381,
                6831
            ],
            "Accounts payable and accrued expenses": [
                4641,
                4051
            ],
            "Return of premium payable": [
                718,
                666
            ],
            "Unearned revenue": [
                363,
                385
            ],
            "Current portion of long-term debt": [
                40,
                38
            ],
            "Total current liabilities": [
                13143,
                11971
            ]
        },
        "Long-term debt": [
            6775,
            6648
        ],
        "Other long-term liabilities": [
            2007,
            1259
        ],
        "Total liabilities": [
            21925,
            19878
        ],
        "Commitments and contingencies": null,
        "Redeemable noncontrolling interests": [
            10,
            10
        ],
        "Stockholders equity": {
            "Preferred stock, $0.001 par value; authorized 10,000 shares; no shares issued or outstanding at March 31, 2019 and December 31, 2018": [
                null,
                null
            ],
            "Common stock, $0.001 par value; authorized 800,000 shares; 419,058 issued and 413,305 outstanding at March 31, 2019, and 417,695 issued and 412,478 outstanding at December 31, 2018": [
                null,
                null
            ],
            "Additional paid-in capital": [
                7491,
                7449
            ],
            "Accumulated other comprehensive earnings (loss)": [
                38,
                -56
            ],
            "Retained earnings": [
                4185,
                3663
            ],
            "Treasury stock, at cost (5,753 and 5,217 shares, respectively)": [
                -174,
                -139
            ],
            "Total Centene stockholders equity": [
                11540,
                10917
            ],
            "Noncontrolling interest": [
                94,
                96
            ],
            "Total stockholders equity": [
                11634,
                11013
            ]
        },
        "Total liabilities, redeemable noncontrolling interests and stockholders equity": [
            33569,
            30901
        ]
    }
}