{
    "Assets": {
        "Current assets": {
            "Cash and cash equivalents": [
                4362,
                5997
            ],
            "Short-term marketable securities": [
                1376,
                1411
            ],
            "Accounts receivable, net": [
                4566,
                4892
            ],
            "Inventories": [
                1676,
                1683
            ],
            "Prepaid and other current assets": [
                2011,
                2013
            ],
            "Total current assets": [
                13991,
                15996
            ]
        },
        "Property, plant and equipment, net": [
            5037,
            4967
        ],
        "Long-term marketable securities": [
            1099,
            502
        ],
        "Intangible assets, net": [
            33900,
            33126
        ],
        "Goodwill": [
            8332,
            8108
        ],
        "Other long-term assets": [
            4739,
            5708
        ],
        "Total assets": [
            67098,
            68407
        ]
    },
    "Liabilities and Stockholders Equity": {
        "Current liabilities": {
            "Accounts payable": [
                585,
                844
            ],
            "Accrued government and other rebates": [
                3368,
                3460
            ],
            "Accrued and other current liabilities": [
                3781,
                4336
            ],
            "Current portion of long-term debt and other obligations, net": [
                2511,
                2757
            ],
            "Total current liabilities": [
                10245,
                11397
            ]
        },
        "Long-term debt, net": [
            25175,
            28645
        ],
        "Long-term income taxes payable": [
            4642,
            5016
        ],
        "Deferred tax liability": [
            4603,
            3914
        ],
        "Other long-term obligations": [
            962,
            1214
        ],
        "Commitments and contingencies": null,
        "Stockholders equity": {
            "Preferred stock, par value $ 0.001 per share; 5 shares authorized; no one outstanding": [
                0,
                0
            ],
            "Common stock, par value $ 0.001 per share; 5,600 shares authorized; 1,255 and 1,254 shares issued and outstanding, respectively": [
                1,
                1
            ],
            "Additional paid-in capital": [
                4492,
                3880
            ],
            "Accumulated other comprehensive income (loss)": [
                74,
                -60
            ],
            "Retained earnings": [
                16903,
                14381
            ],
            "Total Gilead stockholders equity": [
                21470,
                18202
            ],
            "Noncontrolling interest": [
                1,
                19
            ],
            "Total stockholders equity": [
                21471,
                18221
            ]
        },
        "Total liabilities and stockholders equity": [
            67098,
            68407
        ]
    }
}