{
    "Assets": {
        "Current assets": {
            "Cash and cash equivalents": [
                4893,
                5997
            ],
            "Short-term marketable securities": [
                1632,
                1411
            ],
            "Accounts receivable, net": [
                4149,
                4892
            ],
            "Inventories": [
                1772,
                1683
            ],
            "Prepaid and other current assets": [
                1479,
                2013
            ],
            "Total current assets": [
                13925,
                15996
            ]
        },
        "Property, plant and equipment, net": [
            4996,
            4967
        ],
        "Long-term marketable securities": [
            836,
            502
        ],
        "Intangible assets, net": [
            34341,
            33126
        ],
        "Goodwill": [
            8334,
            8108
        ],
        "Other long-term assets": [
            5552,
            5708
        ],
        "Total assets": [
            67984,
            68407
        ]
    },
    "Liabilities and Stockholders Equity": {
        "Current liabilities": {
            "Accounts payable": [
                608,
                844
            ],
            "Accrued government and other rebates": [
                3290,
                3460
            ],
            "Accrued and other current liabilities": [
                4055,
                4336
            ],
            "Current portion of long-term debt and other obligations, net": [
                2261,
                2757
            ],
            "Total current liabilities": [
                10214,
                11397
            ]
        },
        "Long-term debt, net": [
            27914,
            28645
        ],
        "Long-term income taxes payable": [
            4596,
            5016
        ],
        "Deferred tax liability": [
            4374,
            3914
        ],
        "Other long-term obligations": [
            1176,
            1214
        ],
        "Commitments and contingencies (Note 11)": null,
        "Stockholders equity": {
            "Preferred stock, par value $ 0.001 per share; 5 shares authorized; none outstanding": [
                0,
                0
            ],
            "Common stock, par value $ 0.001 per share; 5,600 shares authorized; 1,254 shares issued and outstanding": [
                1,
                1
            ],
            "Additional paid-in capital": [
                4271,
                3880
            ],
            "Accumulated other comprehensive income (loss)": [
                39,
                -60
            ],
            "Retained earnings": [
                15392,
                14381
            ],
            "Total Gilead stockholders equity": [
                19703,
                18202
            ],
            "Noncontrolling interest": [
                7,
                19
            ],
            "Total stockholders equity": [
                19710,
                18221
            ]
        },
        "Total liabilities and stockholders equity": [
            67984,
            68407
        ]
    }
}