{
    "Assets": {
        "Current assets": {
            "Cash and cash equivalents": [
                12886,
                11631
            ],
            "Short-term marketable securities": [
                11089,
                12721
            ],
            "Accounts receivable, net of allowances of $ 714 and $ 758 , respectively": [
                3913,
                3582
            ],
            "Inventories": [
                1008,
                922
            ],
            "Prepaid and other current assets": [
                2030,
                1440
            ],
            "Total current assets": [
                30926,
                30296
            ]
        },
        "Property, plant and equipment, net": [
            4810,
            4502
        ],
        "Long-term marketable securities": [
            2074,
            1488
        ],
        "Intangible assets, net": [
            12939,
            13786
        ],
        "Goodwill": [
            4117,
            4117
        ],
        "Other long-term assets": [
            6012,
            7438
        ],
        "Total assets": [
            60878,
            61627
        ]
    },
    "Liabilities and Stockholders Equity": {
        "Current liabilities": {
            "Accounts payable": [
                527,
                713
            ],
            "Accrued government and other rebates": [
                3343,
                3473
            ],
            "Other accrued liabilities": [
                4141,
                3074
            ],
            "Current portion of long-term debt": [
                1498,
                2499
            ],
            "Total current liabilities": [
                9509,
                9759
            ]
        },
        "Long-term debt, net": [
            27792,
            22094
        ],
        "Long-term income taxes payable": [
            5020,
            6115
        ],
        "Other long-term obligations": [
            1086,
            1009
        ],
        "Commitments and contingencies": null,
        "Stockholders equity": {
            "Preferred stock, par value $ 0.001 per share; 5 shares authorized; no one outstanding": [
                0,
                0
            ],
            "Common stock, par value $ 0.001 per share; 5,600 shares authorized; 1,253 and 1,266 shares issued and outstanding, respectively": [
                1,
                1
            ],
            "Additional paid-in capital": [
                3712,
                3051
            ],
            "Accumulated other comprehensive income": [
                23,
                85
            ],
            "Retained earnings": [
                13709,
                19388
            ],
            "Total Gilead stockholders equity": [
                17445,
                22525
            ],
            "Noncontrolling interest": [
                26,
                125
            ],
            "Total stockholders equity": [
                17471,
                22650
            ]
        },
        "Total liabilities and stockholders equity": [
            60878,
            61627
        ]
    }
}