{
    "ASSETS": {
        "Current assets": {
            "Cash and cash equivalents": [
                137,
                117
            ],
            "Accounts receivable, net of allowance for credit losses of $ 70 and $ 65": [
                1468,
                1442
            ],
            "Inventories, net": [
                1843,
                1963
            ],
            "Prepaid expenses and other": [
                463,
                466
            ],
            "Total current assets": [
                3911,
                3988
            ]
        },
        "Property and equipment, net": [
            439,
            383
        ],
        "Operating lease right-of-use assets": [
            290,
            284
        ],
        "Goodwill": [
            3335,
            2893
        ],
        "Other intangibles, net": [
            678,
            587
        ],
        "Investments and other": [
            493,
            472
        ],
        "Total assets": [
            9146,
            8607
        ]
    },
    "LIABILITIES, REDEEMABLE NONCONTROLLING INTERESTS AND STOCKHOLDERS' EQUITY": {
        "Current liabilities": {
            "Accounts payable": [
                817,
                1004
            ],
            "Bank credit lines": [
                325,
                103
            ],
            "Current maturities of long-term debt": [
                66,
                6
            ],
            "Operating lease liabilities": [
                74,
                73
            ],
            "Accrued expenses": {
                "Payroll and related": [
                    275,
                    314
                ],
                "Taxes": [
                    129,
                    132
                ],
                "Other": [
                    590,
                    592
                ]
            },
            "Total current liabilities": [
                2276,
                2224
            ]
        },
        "Long-term debt": [
            1133,
            1040
        ],
        "Deferred income taxes": [
            50,
            36
        ],
        "Operating lease liabilities": [
            284,
            275
        ],
        "Other liabilities": [
            397,
            361
        ],
        "Total liabilities": [
            4140,
            3936
        ],
        "Redeemable noncontrolling interests": [
            820,
            576
        ],
        "Commitments and contingencies": null,
        "Stockholders' equity": {
            "Preferred stock, $ 0.01 par value, 1,000,000 shares authorized, none outstanding": [
                0,
                0
            ],
            "Common stock, $ 0.01 par value, 480,000,000 shares authorized, 130,576,806 outstanding on July 1, 2023 and 131,792,817 outstanding on December 31, 2022": [
                1,
                1
            ],
            "Additional paid-in capital": [
                0,
                0
            ],
            "Retained earnings": [
                3769,
                3678
            ],
            "Accumulated other comprehensive loss": [
                -210,
                -233
            ],
            "Total Henry Schein, Inc. stockholders' equity": [
                3560,
                3446
            ],
            "Noncontrolling interests": [
                626,
                649
            ],
            "Total stockholders' equity": [
                4186,
                4095
            ]
        },
        "Total liabilities, redeemable noncontrolling interests and stockholders' equity": [
            9146,
            8607
        ]
    }
}