{
    "ASSETS": {
        "Current assets": {
            "Cash and cash equivalents": [
                167228,
                421185
            ],
            "Accounts receivable, net of reserves of $ 81,113 and $ 88,030": [
                1356881,
                1424787
            ],
            "Inventories, net": [
                1688210,
                1512499
            ],
            "Prepaid expenses and other": [
                529929,
                432944
            ],
            "Total current assets": [
                3742248,
                3791415
            ]
        },
        "Property and equipment, net": [
            358224,
            342004
        ],
        "Operating lease right-of-use assets": [
            301440,
            288847
        ],
        "Goodwill": [
            2722974,
            2504392
        ],
        "Other intangibles, net": [
            604515,
            479429
        ],
        "Investments and other": [
            394665,
            366445
        ],
        "Total assets": [
            8124066,
            7772532
        ]
    },
    "LIABILITIES AND STOCKHOLDERS' EQUITY": {
        "Current liabilities": {
            "Accounts payable": [
                903859,
                1005655
            ],
            "Bank credit lines": [
                72105,
                73366
            ],
            "Current maturities of long-term debt": [
                9839,
                109836
            ],
            "Operating lease liabilities": [
                75008,
                64716
            ],
            "Accrued expenses": {
                "Payroll and related": [
                    313892,
                    295329
                ],
                "Taxes": [
                    156176,
                    138671
                ],
                "Other": [
                    562762,
                    595529
                ]
            },
            "Total current liabilities": [
                2093641,
                2283102
            ]
        },
        "Long-term debt": [
            706487,
            515773
        ],
        "Deferred income taxes": [
            46528,
            30065
        ],
        "Operating lease liabilities": [
            243232,
            238727
        ],
        "Other liabilities": [
            423416,
            392781
        ],
        "Total liabilities": [
            3513304,
            3460448
        ],
        "Redeemable noncontrolling interests": [
            604081,
            327699
        ],
        "Commitments and contingencies": null,
        "Stockholders' equity": {
            "Preferred stock, $ 0.01 par value, 1,000,000 shares authorized, none outstanding": [
                0,
                0
            ],
            "Common stock, $ 0.01 par value, 480,000,000 shares authorized, 139,780,841 outstanding on June 26, 2021 and 142,462,571 outstanding on December 26, 2020": [
                1398,
                1425
            ],
            "Additional paid-in capital": [
                0,
                0
            ],
            "Retained earnings": [
                3465647,
                3454831
            ],
            "Accumulated other comprehensive loss": [
                -106779,
                -108084
            ],
            "Total Henry Schein, Inc. stockholders' equity": [
                3360266,
                3348172
            ],
            "Noncontrolling interests": [
                646415,
                636213
            ],
            "Total stockholders' equity": [
                4006681,
                3984385
            ]
        },
        "Total liabilities, redeemable noncontrolling interests and stockholders' equity": [
            8124066,
            7772532
        ]
    }
}