{
    "ASSETS": {
        "Current Assets": {
            "Cash and cash equivalents": [
                12004,
                9519
            ],
            "Short-term investments": [
                1166,
                1043
            ],
            "Total Cash, Cash Equivalents and Short-Term Investments": [
                13170,
                10562
            ],
            "Marketable securities": [
                1125,
                1069
            ],
            "Trade accounts receivable, less allowances of $ 512 and $ 516 , respectively": [
                4599,
                3487
            ],
            "Inventories": [
                4727,
                4233
            ],
            "Prepaid expenses and other current assets": [
                3259,
                3240
            ],
            "Total Current Assets": [
                26880,
                22591
            ]
        },
        "Equity method investments": [
            18744,
            18264
        ],
        "Other investments": [
            337,
            501
        ],
        "Other noncurrent assets": [
            6324,
            6189
        ],
        "Deferred income tax assets": [
            1696,
            1746
        ],
        "Property, plant and equipment, less accumulated depreciation of $ 9393 and $ 9234 , respectively": [
            9848,
            9841
        ],
        "Trademarks with indefinite lives": [
            14283,
            14214
        ],
        "Goodwill": [
            18678,
            18782
        ],
        "Other intangible assets": [
            614,
            635
        ],
        "Total Assets": [
            97404,
            92763
        ]
    },
    "LIABILITIES AND EQUITY": {
        "Current Liabilities": {
            "Accounts payable and accrued expenses": [
                15593,
                15749
            ],
            "Loans and notes payable": [
                5455,
                2373
            ],
            "Current maturities of long-term debt": [
                811,
                399
            ],
            "Accrued income taxes": [
                1498,
                1203
            ],
            "Total Current Liabilities": [
                23357,
                19724
            ]
        },
        "Long-term debt": [
            36134,
            36377
        ],
        "Other noncurrent liabilities": [
            7874,
            7922
        ],
        "Deferred income tax liabilities": [
            3171,
            2914
        ],
        "The Coca-Cola Company Shareowners Equity": {
            "Common stock, $ 0.25 par value; authorized 11,200 shares; issued 7,040 shares": [
                1760,
                1760
            ],
            "Capital surplus": [
                18889,
                18822
            ],
            "Reinvested earnings": [
                72137,
                71019
            ],
            "Accumulated other comprehensive income (loss)": [
                -14322,
                -14895
            ],
            "Treasury stock, at cost 2,715 and 2,712 shares, respectively": [
                -53247,
                -52601
            ],
            "Equity Attributable to Shareowners of The Coca-Cola Company": [
                25217,
                24105
            ],
            "Equity attributable to noncontrolling interests": [
                1651,
                1721
            ],
            "Total Equity": [
                26868,
                25826
            ]
        },
        "Total Liabilities and Equity": [
            97404,
            92763
        ]
    }
}