{
    "ASSETS": {
        "Current Assets": {
            "Cash and cash equivalents": [
                9519,
                9684
            ],
            "Short-term investments": [
                1043,
                1242
            ],
            "Total Cash, Cash Equivalents and Short-Term Investments": [
                10562,
                10926
            ],
            "Marketable securities": [
                1069,
                1699
            ],
            "Trade accounts receivable, less allowances of $ 516 and $ 516 , respectively": [
                3487,
                3512
            ],
            "Inventories": [
                4233,
                3414
            ],
            "Prepaid expenses and other current assets": [
                3240,
                2994
            ],
            "Total Current Assets": [
                22591,
                22545
            ]
        },
        "Equity method investments": [
            18264,
            17598
        ],
        "Other investments": [
            501,
            818
        ],
        "Other noncurrent assets": [
            6189,
            6731
        ],
        "Deferred income tax assets": [
            1746,
            2129
        ],
        "Property, plant and equipment   net": [
            9841,
            9920
        ],
        "Trademarks with indefinite lives": [
            14214,
            14465
        ],
        "Goodwill": [
            18782,
            19363
        ],
        "Other intangible assets": [
            635,
            785
        ],
        "Total Assets": [
            92763,
            94354
        ]
    },
    "LIABILITIES AND EQUITY": {
        "Current Liabilities": {
            "Accounts payable and accrued expenses": [
                15749,
                14619
            ],
            "Loans and notes payable": [
                2373,
                3307
            ],
            "Current maturities of long-term debt": [
                399,
                1338
            ],
            "Accrued income taxes": [
                1203,
                686
            ],
            "Total Current Liabilities": [
                19724,
                19950
            ]
        },
        "Long-term debt": [
            36377,
            38116
        ],
        "Other noncurrent liabilities": [
            7922,
            8607
        ],
        "Deferred income tax liabilities": [
            2914,
            2821
        ],
        "The Coca-Cola Company Shareowners  Equity": {
            "Common stock, $ 0.25 par value; authorized   11,200 shares; issued   7,040 shares": [
                1760,
                1760
            ],
            "Capital surplus": [
                18822,
                18116
            ],
            "Reinvested earnings": [
                71019,
                69094
            ],
            "Accumulated other comprehensive income (loss)": [
                -14895,
                -14330
            ],
            "Treasury stock, at cost   2,712 and 2,715 shares, respectively": [
                -52601,
                -51641
            ],
            "Equity Attributable to Shareowners of The Coca-Cola Company": [
                24105,
                22999
            ],
            "Equity attributable to noncontrolling interests": [
                1721,
                1861
            ],
            "Total Equity": [
                25826,
                24860
            ]
        },
        "Total Liabilities and Equity": [
            92763,
            94354
        ]
    }
}