{
    "Assets": {
        "Current assets": {
            "Cash and cash equivalents": [
                1888,
                4477
            ],
            "Accounts receivable, less allowances of $ 177 and $ 150": [
                7745,
                7977
            ],
            "Inventories": [
                5668,
                5051
            ],
            "Contract assets, net": [
                1147,
                968
            ],
            "Other current assets": [
                1652,
                1640
            ],
            "Total current assets": [
                18100,
                20113
            ]
        },
        "Property, plant and equipment, net": [
            8529,
            8333
        ],
        "Acquisition-related intangible assets, net": [
            18578,
            20113
        ],
        "Other assets": [
            4306,
            4640
        ],
        "Goodwill": [
            41066,
            41924
        ],
        "Total assets": [
            90579,
            95123
        ]
    },
    "Liabilities, redeemable noncontrolling interest and equity": {
        "Current liabilities": {
            "Short-term obligations and current maturities of long-term obligations": [
                1010,
                2537
            ],
            "Accounts payable": [
                2586,
                2867
            ],
            "Accrued payroll and employee benefits": [
                1722,
                2427
            ],
            "Contract liabilities": [
                2722,
                2655
            ],
            "Other accrued expenses": [
                2957,
                2950
            ],
            "Total current liabilities": [
                10997,
                13436
            ]
        },
        "Deferred income taxes": [
            3327,
            3837
        ],
        "Other long-term liabilities": [
            4534,
            4540
        ],
        "Long-term obligations": [
            29250,
            32333
        ],
        "Redeemable noncontrolling interest": [
            117,
            122
        ],
        "Equity": {
            "Thermo Fisher Scientific Inc. shareholders equity": {
                "Preferred stock, $ 100 par value, 50,000 shares authorized; none issued": [
                    0,
                    0
                ],
                "Common stock, $ 1 par value, 1,200,000,000 shares authorized; 439,863,357 and 439,154,741 shares issued": [
                    440,
                    439
                ],
                "Capital in excess of par value": [
                    16467,
                    16174
                ],
                "Retained earnings": [
                    39074,
                    35431
                ],
                "Treasury stock at cost, 48,074,395 and 44,720,112 shares": [
                    -10964,
                    -8922
                ],
                "Accumulated other comprehensive items": [
                    -2724,
                    -2329
                ],
                "Total Thermo Fisher Scientific Inc. shareholders equity": [
                    42293,
                    40793
                ]
            },
            "Noncontrolling interests": [
                61,
                62
            ],
            "Total equity": [
                42354,
                40855
            ]
        },
        "Total liabilities, redeemable noncontrolling interest and equity": [
            90579,
            95123
        ]
    }
}