{
    "Assets": {
        "Current Assets": {
            "Cash and cash equivalents": [
                7023,
                10325
            ],
            "Accounts receivable, less allowances of $ 135 and $ 135": [
                5476,
                5741
            ],
            "Inventories": [
                4625,
                4029
            ],
            "Contract assets, net": [
                804,
                731
            ],
            "Other current assets": [
                1332,
                1131
            ],
            "Total current assets": [
                19260,
                21957
            ]
        },
        "Property, Plant and Equipment, Net": [
            6560,
            5912
        ],
        "Acquisition-related Intangible Assets, Net": [
            12390,
            12685
        ],
        "Other Assets": [
            2584,
            2457
        ],
        "Goodwill": [
            26904,
            26041
        ],
        "Total Assets": [
            67698,
            69052
        ]
    },
    "Liabilities and Shareholders' Equity": {
        "Current Liabilities": {
            "Short-term obligations and current maturities of long-term obligations": [
                4,
                2628
            ],
            "Accounts payable": [
                2098,
                2175
            ],
            "Accrued payroll and employee benefits": [
                1492,
                1916
            ],
            "Contract liabilities": [
                1470,
                1271
            ],
            "Other accrued expenses": [
                1861,
                2314
            ],
            "Total current liabilities": [
                6925,
                10304
            ]
        },
        "Deferred Income Taxes": [
            1632,
            1794
        ],
        "Other Long-term Liabilities": [
            3514,
            3340
        ],
        "Long-term Obligations": [
            18773,
            19107
        ],
        "Shareholders' Equity": {
            "Preferred stock, $ 100 par value, 50,000 shares authorized; none issued": [
                0,
                0
            ],
            "Common stock, $ 1 par value, 1,200,000,000 shares authorized; 438,020,539 and 437,088,297 shares issued": [
                438,
                437
            ],
            "Capital in excess of par value": [
                15826,
                15579
            ],
            "Retained earnings": [
                32076,
                28116
            ],
            "Treasury stock at cost, 44,601,640 and 40,417,789 shares": [
                -8856,
                -6818
            ],
            "Accumulated other comprehensive items": [
                -2630,
                -2807
            ],
            "Total shareholders' equity": [
                36854,
                34507
            ]
        },
        "Total Liabilities and Shareholders' Equity": [
            67698,
            69052
        ]
    }
}