{
    "Assets": {
        "Current Assets": {
            "Cash and cash equivalents": [
                7540,
                2399
            ],
            "Accounts receivable, less allowances of $ 117 and $ 102": [
                5186,
                4349
            ],
            "Inventories": [
                3829,
                3370
            ],
            "Contract assets, net": [
                697,
                603
            ],
            "Other current assets": [
                982,
                1172
            ],
            "Total current assets": [
                18234,
                11893
            ]
        },
        "Property, Plant and Equipment, Net": [
            5180,
            4749
        ],
        "Acquisition-related Intangible Assets, Net": [
            12870,
            14014
        ],
        "Other Assets": [
            1995,
            2011
        ],
        "Goodwill": [
            25782,
            25714
        ],
        "Total Assets": [
            64061,
            58381
        ]
    },
    "Liabilities and Shareholders' Equity": {
        "Current Liabilities": {
            "Short-term obligations and current maturities of long-term obligations": [
                2,
                676
            ],
            "Accounts payable": [
                1703,
                1920
            ],
            "Accrued payroll and employee benefits": [
                1538,
                1010
            ],
            "Contract liabilities": [
                1047,
                916
            ],
            "Other accrued expenses": [
                1938,
                1675
            ],
            "Total current liabilities": [
                6228,
                6197
            ]
        },
        "Deferred Income Taxes": [
            1528,
            2192
        ],
        "Other Long-term Liabilities": [
            3390,
            3241
        ],
        "Long-term Obligations": [
            21091,
            17076
        ],
        "Shareholders' Equity": {
            "Preferred stock, $ 100 par value, 50,000 shares authorized; none issued": [
                0,
                0
            ],
            "Common stock, $ 1 par value, 1,200,000,000 shares authorized; 436,746,267 and 434,416,804 shares issued": [
                437,
                434
            ],
            "Capital in excess of par value": [
                15467,
                15064
            ],
            "Retained earnings": [
                25705,
                22092
            ],
            "Treasury stock at cost, 40,411,076 and 35,676,421 shares": [
                -6815,
                -5236
            ],
            "Accumulated other comprehensive items": [
                -2970,
                -2679
            ],
            "Total shareholders' equity": [
                31824,
                29675
            ]
        },
        "Total Liabilities and Shareholders' Equity": [
            64061,
            58381
        ]
    }
}