{
    "Assets": {
        "Current Assets": {
            "Cash and cash equivalents": [
                1273,
                2103
            ],
            "Accounts receivable, less allowances of $106 and $117": [
                4384,
                4136
            ],
            "Inventories": [
                3308,
                3005
            ],
            "Other current assets": [
                1549,
                1381
            ],
            "Total current assets": [
                10514,
                10625
            ]
        },
        "Property, Plant and Equipment, Net": [
            4420,
            4165
        ],
        "Acquisition-related Intangible Assets, Net": [
            14311,
            14978
        ],
        "Other Assets": [
            1860,
            1117
        ],
        "Goodwill": [
            25624,
            25347
        ],
        "Total Assets": [
            56729,
            56232
        ]
    },
    "Liabilities and Shareholders' Equity": {
        "Current Liabilities": {
            "Short-term obligations and current maturities of long-term obligations": [
                661,
                1271
            ],
            "Accounts payable": [
                1659,
                1615
            ],
            "Accrued payroll and employee benefits": [
                883,
                982
            ],
            "Contract liabilities": [
                943,
                809
            ],
            "Other accrued expenses": [
                1698,
                1470
            ],
            "Total current liabilities": [
                5844,
                6147
            ]
        },
        "Deferred Income Taxes": [
            2001,
            2265
        ],
        "Other Long-term Liabilities": [
            3137,
            2515
        ],
        "Long-term Obligations": [
            16392,
            17719
        ],
        "Shareholders' Equity": {
            "Preferred stock, $100 par value, 50,000 shares authorized; none issued": [
                0,
                0
            ],
            "Common stock, $1 par value, 1,200,000,000 shares authorized; 434,028,435 and 431,566,561 shares issued": [
                434,
                432
            ],
            "Capital in excess of par value": [
                14964,
                14621
            ],
            "Retained earnings": [
                21165,
                18696
            ],
            "Treasury stock at cost, 33,037,208 and 29,444,882 shares": [
                -4486,
                -3665
            ],
            "Accumulated other comprehensive items": [
                -2722,
                -2498
            ],
            "Total shareholders' equity": [
                29355,
                27586
            ]
        },
        "Total Liabilities and Shareholders' Equity": [
            56729,
            56232
        ]
    }
}