{
    "Assets": {
        "Current Assets": {
            "Cash and cash equivalents": [
                1106,
                2103
            ],
            "Accounts receivable, less allowances of $114 and $117": [
                4155,
                4136
            ],
            "Inventories": [
                3124,
                3005
            ],
            "Other current assets": [
                1554,
                1381
            ],
            "Total current assets": [
                9939,
                10625
            ]
        },
        "Property, Plant and Equipment, Net": [
            4192,
            4165
        ],
        "Acquisition-related Intangible Assets, Net": [
            14489,
            14978
        ],
        "Other Assets": [
            1740,
            1117
        ],
        "Goodwill": [
            25236,
            25347
        ],
        "Total Assets": [
            55596,
            56232
        ]
    },
    "Liabilities and Shareholders' Equity": {
        "Current Liabilities": {
            "Short-term obligations and current maturities of long-term obligations": [
                1336,
                1271
            ],
            "Accounts payable": [
                1462,
                1615
            ],
            "Accrued payroll and employee benefits": [
                704,
                982
            ],
            "Contract liabilities": [
                967,
                809
            ],
            "Other accrued expenses": [
                1429,
                1470
            ],
            "Total current liabilities": [
                5898,
                6147
            ]
        },
        "Deferred Income Taxes": [
            2145,
            2265
        ],
        "Other Long-term Liabilities": [
            3048,
            2515
        ],
        "Long-term Obligations": [
            16812,
            17719
        ],
        "Shareholders' Equity": {
            "Preferred stock, $100 par value, 50,000 shares authorized; none issued": [
                0,
                0
            ],
            "Common stock, $1 par value, 1,200,000,000 shares authorized; 432,856,849 and 431,566,561 shares issued": [
                433,
                432
            ],
            "Capital in excess of par value": [
                14771,
                14621
            ],
            "Retained earnings": [
                19439,
                18696
            ],
            "Treasury stock at cost, 32,875,709 and 29,444,882 shares": [
                -4441,
                -3665
            ],
            "Accumulated other comprehensive items": [
                -2509,
                -2498
            ],
            "Total shareholders' equity": [
                27693,
                27586
            ]
        },
        "Total Liabilities and Shareholders' Equity": [
            55596,
            56232
        ]
    }
}