{
    "ASSETS": {
        "Current Assets": {
            "Cash and cash equivalents": [
                4399,
                4225
            ],
            "Marketable securities": [
                712,
                810
            ],
            "Accounts receivable, net": [
                7613,
                8958
            ],
            "Current income taxes receivable": [
                847,
                940
            ],
            "Other current assets": [
                1333,
                1277
            ],
            "Total Current Assets": [
                14904,
                16210
            ]
        },
        "Property, Plant and Equipment, Net": [
            27247,
            26576
        ],
        "Operating Lease Right-Of-Use Assets": [
            2543,
            0
        ],
        "Goodwill": [
            3813,
            3811
        ],
        "Intangible Assets, Net": [
            2093,
            2075
        ],
        "Investments and Restricted Cash": [
            169,
            170
        ],
        "Deferred Income Tax Assets": [
            153,
            141
        ],
        "Other Non-Current Assets": [
            1139,
            1033
        ],
        "Total Assets": [
            52061,
            50016
        ]
    },
    "LIABILITIES AND SHAREOWNERS EQUITY": {
        "Current Liabilities": {
            "Current maturities of long-term debt, commercial paper and finance leases": [
                2789,
                2805
            ],
            "Current maturities of operating leases": [
                492,
                0
            ],
            "Accounts payable": [
                3907,
                5188
            ],
            "Accrued wages and withholdings": [
                2913,
                3047
            ],
            "Self-insurance reserves": [
                783,
                810
            ],
            "Accrued group welfare and retirement plan contributions": [
                665,
                715
            ],
            "Other current liabilities": [
                1660,
                1522
            ],
            "Total Current Liabilities": [
                13209,
                14087
            ]
        },
        "Long-Term Debt and Finance Leases": [
            20377,
            19931
        ],
        "Non-Current Operating Leases": [
            2093,
            0
        ],
        "Pension and Postretirement Benefit Obligations": [
            8270,
            8347
        ],
        "Deferred Income Tax Liabilities": [
            1758,
            1619
        ],
        "Self-Insurance Reserves": [
            1523,
            1571
        ],
        "Other Non-Current Liabilities": [
            1346,
            1424
        ],
        "Shareowners Equity": {
            "Class A common stock (164 and 163 shares issued in 2019 and 2018, respectively)": [
                2,
                2
            ],
            "Class B common stock (697 and 696 shares issued in 2019 and 2018, respectively)": [
                7,
                7
            ],
            "Additional paid-in capital": [
                27,
                0
            ],
            "Retained earnings": [
                8249,
                8006
            ],
            "Accumulated other comprehensive loss": [
                -4818,
                -4994
            ],
            "Deferred compensation obligations": [
                25,
                32
            ],
            "Less: Treasury stock (1 share in 2019 and 2018)": [
                -25,
                -32
            ],
            "Total Equity for Controlling Interests": [
                3467,
                3021
            ],
            "Noncontrolling interests": [
                18,
                16
            ],
            "Total Shareowners Equity": [
                3485,
                3037
            ]
        },
        "Total Liabilities and Shareowners Equity": [
            52061,
            50016
        ]
    }
}