{
    "ASSETS": {
        "Current assets": {
            "Cash and cash equivalents": [
                53888,
                49605
            ],
            "Marketable securities": [
                16138,
                14564
            ],
            "Inventories": [
                34405,
                35406
            ],
            "Accounts receivable, net and other": [
                42360,
                43420
            ],
            "Total current assets": [
                146791,
                142995
            ]
        },
        "Property and equipment, net": [
            186715,
            196468
        ],
        "Operating leases": [
            66123,
            70758
        ],
        "Goodwill": [
            20288,
            22749
        ],
        "Other assets": [
            42758,
            53913
        ],
        "Total assets": [
            462675,
            486883
        ]
    },
    "LIABILITIES AND STOCKHOLDERS EQUITY": {
        "Current liabilities": {
            "Accounts payable": [
                79600,
                72004
            ],
            "Accrued expenses and other": [
                62566,
                58812
            ],
            "Unearned revenue": [
                13227,
                14398
            ],
            "Total current liabilities": [
                155393,
                145214
            ]
        },
        "Long-term lease liabilities": [
            72968,
            75891
        ],
        "Long-term debt": [
            67150,
            61098
        ],
        "Other long-term liabilities": [
            21121,
            21707
        ],
        "Commitments and contingencies": null,
        "Stockholders equity": {
            "Preferred stock ($ 0.01 par value; 500 shares authorized; no shares issued or outstanding)": [
                0,
                0
            ],
            "Common stock ($ 0.01 par value; 100,000 shares authorized; 10,757 and 10,845 shares issued; 10,242 and 10,330 shares outstanding)": [
                108,
                108
            ],
            "Treasury stock, at cost": [
                -7837,
                -7837
            ],
            "Additional paid-in capital": [
                75066,
                92711
            ],
            "Accumulated other comprehensive income (loss)": [
                -4487,
                -5003
            ],
            "Retained earnings": [
                83193,
                102994
            ],
            "Total stockholders equity": [
                146043,
                182973
            ]
        },
        "Total liabilities and stockholders equity": [
            462675,
            486883
        ]
    }
}