{
    "ASSETS": {
        "Current assets": {
            "Cash and cash equivalents": [
                53888,
                49529
            ],
            "Marketable securities": [
                16138,
                14441
            ],
            "Inventories": [
                34405,
                36587
            ],
            "Accounts receivable, net and other": [
                42360,
                39925
            ],
            "Total current assets": [
                146791,
                140482
            ]
        },
        "Property and equipment, net": [
            186715,
            193784
        ],
        "Operating leases": [
            66123,
            70332
        ],
        "Goodwill": [
            20288,
            22785
        ],
        "Other assets": [
            42758,
            50224
        ],
        "Total assets": [
            462675,
            477607
        ]
    },
    "LIABILITIES AND STOCKHOLDERS EQUITY": {
        "Current liabilities": {
            "Accounts payable": [
                79600,
                69481
            ],
            "Accrued expenses and other": [
                62566,
                64235
            ],
            "Unearned revenue": [
                13227,
                14522
            ],
            "Total current liabilities": [
                155393,
                148238
            ]
        },
        "Long-term lease liabilities": [
            72968,
            75822
        ],
        "Long-term debt": [
            67150,
            63092
        ],
        "Other long-term liabilities": [
            21121,
            21853
        ],
        "Commitments and contingencies": null,
        "Stockholders equity": {
            "Preferred stock ($ 0.01 par value; 500 shares authorized; no shares issued or outstanding)": [
                0,
                0
            ],
            "Common stock ($ 0.01 par value; 100,000 shares authorized; 10,757 and 10,828 shares issued; 10,242 and 10,313 shares outstanding)": [
                108,
                108
            ],
            "Treasury stock, at cost": [
                -7837,
                -7837
            ],
            "Additional paid-in capital": [
                75066,
                86896
            ],
            "Accumulated other comprehensive income (loss)": [
                -4487,
                -3680
            ],
            "Retained earnings": [
                83193,
                93115
            ],
            "Total stockholders equity": [
                146043,
                168602
            ]
        },
        "Total liabilities and stockholders equity": [
            462675,
            477607
        ]
    }
}