{
    "ASSETS": {
        "Current assets": {
            "Cash and cash equivalents": [
                20535,
                23646
            ],
            "Marketable securities": [
                30820,
                24658
            ],
            "Accounts receivable, net": [
                23752,
                28184
            ],
            "Inventories": [
                6820,
                4946
            ],
            "Vendor non-trade receivables": [
                30428,
                32748
            ],
            "Other current assets": [
                16422,
                21223
            ],
            "Total current assets": [
                128777,
                135405
            ]
        },
        "Non-current assets": {
            "Marketable securities": [
                114095,
                120805
            ],
            "Property, plant and equipment, net": [
                42951,
                42117
            ],
            "Other non-current assets": [
                60924,
                54428
            ],
            "Total non-current assets": [
                217970,
                217350
            ]
        },
        "Total assets": [
            346747,
            352755
        ]
    },
    "LIABILITIES AND SHAREHOLDERS EQUITY": {
        "Current liabilities": {
            "Accounts payable": [
                57918,
                64115
            ],
            "Other current liabilities": [
                59893,
                60845
            ],
            "Deferred revenue": [
                7992,
                7912
            ],
            "Commercial paper": [
                1743,
                9982
            ],
            "Term debt": [
                9740,
                11128
            ],
            "Total current liabilities": [
                137286,
                153982
            ]
        },
        "Non-current liabilities": {
            "Term debt": [
                99627,
                98959
            ],
            "Other non-current liabilities": [
                53107,
                49142
            ],
            "Total non-current liabilities": [
                152734,
                148101
            ]
        },
        "Total liabilities": [
            290020,
            302083
        ],
        "Commitments and contingencies": null,
        "Shareholders equity": {
            "Common stock and additional paid-in capital, $ 0.00001 par value: 50,400,000 shares authorized; 15,842,407 and 15,943,425 shares issued and outstanding, respectively": [
                66399,
                64849
            ],
            "Retained earnings/(Accumulated deficit)": [
                3240,
                -3068
            ],
            "Accumulated other comprehensive income/(loss)": [
                -12912,
                -11109
            ],
            "Total shareholders equity": [
                56727,
                50672
            ]
        },
        "Total liabilities and shareholders equity": [
            346747,
            352755
        ]
    }
}