{
    "ASSETS": {
        "Current assets": {
            "Cash and cash equivalents": [
                31750,
                23255
            ],
            "Marketable securities": [
                9500,
                20146
            ],
            "Inventories": [
                17174,
                18766
            ],
            "Accounts receivable, net and other": [
                16677,
                16887
            ],
            "Total current assets": [
                75101,
                79054
            ]
        },
        "Property and equipment, net": [
            61797,
            67662
        ],
        "Operating leases": [
            0,
            23114
        ],
        "Goodwill": [
            14548,
            14734
        ],
        "Other assets": [
            11202,
            14535
        ],
        "Total assets": [
            162648,
            199099
        ]
    },
    "LIABILITIES AND STOCKHOLDERS EQUITY": {
        "Current liabilities": {
            "Accounts payable": [
                38192,
                35794
            ],
            "Accrued expenses and other": [
                23663,
                28961
            ],
            "Unearned revenue": [
                6536,
                7381
            ],
            "Total current liabilities": [
                68391,
                72136
            ]
        },
        "Long-term lease liabilities": [
            9650,
            37058
        ],
        "Long-term debt": [
            23495,
            22472
        ],
        "Other long-term liabilities": [
            17563,
            10925
        ],
        "Commitments and contingencies": null,
        "Stockholders equity": {
            "Preferred stock, $0.01 par value": {
                "Authorized shares": 500,
                "Issued and outstanding shares": null
            },
            "Common stock, $0.01 par value": {
                "Authorized shares": 5000,
                "Issued shares": {
                    "514": 514,
                    "519": 519
                },
                "Outstanding shares": {
                    "491": 491,
                    "495": 495
                }
            },
            "Treasury stock, at cost": [
                -1837,
                -1837
            ],
            "Additional paid-in capital": [
                26791,
                31817
            ],
            "Accumulated other comprehensive loss": [
                -1035,
                -1429
            ],
            "Retained earnings": [
                19625,
                27952
            ],
            "Total stockholders equity": [
                43549,
                56508
            ]
        },
        "Total liabilities and stockholders equity": [
            162648,
            199099
        ]
    }
}