{
    "ASSETS": {
        "Current Assets": {
            "Cash and cash equivalents": [
                11464,
                9123
            ],
            "Marketable debt securities": [
                816,
                130
            ],
            "Receivables": [
                10921,
                9886
            ],
            "Inventories": [
                2662,
                2339
            ],
            "Other current assets": [
                5907,
                5795
            ],
            "Total Current assets": [
                31770,
                27273
            ]
        },
        "Property, plant and equipment": [
            6646,
            6255
        ],
        "Goodwill": [
            21169,
            21149
        ],
        "Other intangible assets": [
            27072,
            35859
        ],
        "Deferred income taxes": [
            2768,
            1344
        ],
        "Marketable debt securities": [
            364,
            0
        ],
        "Other non-current assets": [
            5370,
            4940
        ],
        "Total Assets": [
            95159,
            96820
        ]
    },
    "LIABILITIES": {
        "Current Liabilities": {
            "Short-term debt obligations": [
                3119,
                4264
            ],
            "Accounts payable": [
                3259,
                3040
            ],
            "Other current liabilities": [
                15884,
                14586
            ],
            "Total Current liabilities": [
                22262,
                21890
            ]
        },
        "Deferred income taxes": [
            338,
            2166
        ],
        "Long-term debt": [
            36653,
            35056
        ],
        "Other non-current liabilities": [
            6421,
            6590
        ],
        "Total Liabilities": [
            65674,
            65702
        ],
        "Commitments and contingencies": null
    },
    "EQUITY": {
        "Bristol-Myers Squibb Company Shareholders  Equity": {
            "Preferred stock, $ 2 convertible series, par value $ 1 per share: Authorized 10 million shares; issued and outstanding 2,953 in 2023 and 2,991 in 2022, liquidation value of $ 50 per share": [
                0,
                0
            ],
            "Common stock, par value of $ 0.10 per share: Authorized 4.5 billion shares; 2.9 billion issued in 2023 and 2022": [
                292,
                292
            ],
            "Capital in excess of par value of stock": [
                45684,
                45165
            ],
            "Accumulated other comprehensive loss": [
                -1546,
                -1281
            ],
            "Retained earnings": [
                28766,
                25503
            ],
            "Less cost of treasury stock   902 million common shares in 2023 and 825 million common shares in 2022": [
                -43766,
                -38618
            ],
            "Total BMS Shareholders  Equity": [
                29430,
                31061
            ]
        },
        "Noncontrolling interest": [
            55,
            57
        ],
        "Total Equity": [
            29485,
            31118
        ]
    },
    "Total Liabilities and Equity": [
        95159,
        96820
    ]
}