{
    "ASSETS": {
        "Current assets": {
            "Cash and cash equivalents": [
                8995,
                9123
            ],
            "Marketable debt securities": [
                274,
                130
            ],
            "Receivables": [
                10054,
                9886
            ],
            "Inventories": [
                2605,
                2339
            ],
            "Other current assets": [
                5158,
                5795
            ],
            "Total Current assets": [
                27086,
                27273
            ]
        },
        "Property, plant and equipment": [
            6279,
            6255
        ],
        "Goodwill": [
            21162,
            21149
        ],
        "Other intangible assets": [
            33569,
            35859
        ],
        "Deferred income taxes": [
            1317,
            1344
        ],
        "Other non-current assets": [
            4868,
            4940
        ],
        "Total Assets": [
            94281,
            96820
        ]
    },
    "LIABILITIES": {
        "Current liabilities": {
            "Short-term debt obligations": [
                2752,
                4264
            ],
            "Accounts payable": [
                3194,
                3040
            ],
            "Other current liabilities": [
                13139,
                14586
            ],
            "Total Current liabilities": [
                19085,
                21890
            ]
        },
        "Deferred income taxes": [
            1568,
            2166
        ],
        "Long-term debt": [
            35078,
            35056
        ],
        "Other non-current liabilities": [
            6664,
            6590
        ],
        "Total Liabilities": [
            62395,
            65702
        ],
        "Commitments and Contingencies": null
    },
    "EQUITY": {
        "BMS Shareholders equity": {
            "Preferred stock": [
                0,
                0
            ],
            "Common stock": [
                292,
                292
            ],
            "Capital in excess of par value of stock": [
                45140,
                45165
            ],
            "Accumulated other comprehensive loss": [
                -1368,
                -1281
            ],
            "Retained earnings": [
                26568,
                25503
            ],
            "Less cost of treasury stock": [
                -38808,
                -38618
            ],
            "Total BMS Shareholders equity": [
                31824,
                31061
            ]
        },
        "Noncontrolling interest": [
            62,
            57
        ],
        "Total Equity": [
            31886,
            31118
        ]
    },
    "Total Liabilities and Equity": [
        94281,
        96820
    ]
}